FamilyKey,Action,LoserId,LoserName,LoserKind,LoserWeight,LoserEnrich,SurvivorId,SurvivorName,SurvivorKind,SurvivorWeight,Confidence,Evidence
"city of calgary",MERGE,698,"The City of Calgary",Buyer,3274,1,53119,"City of Calgary",Buyer,105,High,"join=EXACT; loser-suppressed"
"city of calgary",MERGE,70300,"City of Calgary (relevant reference – not a school division)",Buyer,7,2,53119,"City of Calgary",Buyer,105,High,"join=EXACT; loser-suppressed"
"alberta infrastructure",MERGE,68821,"Alberta Infrastructure (CBE / CCSD / EPSB)",Buyer,17,2,53255,"Alberta Infrastructure",Buyer,2476,High,"join=EXACT; loser-suppressed"
"alberta infrastructure",MERGE,68822,"Alberta Infrastructure (CBE / EPSB)",Buyer,7,1,53255,"Alberta Infrastructure",Buyer,2476,High,"join=EXACT; loser-suppressed"
"wsp canada",MERGE,18653,"WSP Canada (WSP Construction Surveys)",GC,3,0,18657,"WSP Canada Inc.",Competitor,1823,High,"join=EXACT; loser-suppressed"
"wsp canada",MERGE,75042,"WSP Canada Inc (Kingston)",Vendor,3,0,18657,"WSP Canada Inc.",Competitor,1823,Medium,"join=EXACT-NONBD"
"city of red deer",MERGE,578,"City of Red Deer",Buyer,145,6,354,"The City of Red Deer",Buyer,1266,High,"join=EXACT"
"city of red deer",MERGE,16769,"The City of Red Deer (Red Deer Emergency Services)",Vendor,3,0,354,"The City of Red Deer",Buyer,1266,Medium,"join=EXACT-NONBD"
"university of calgary",MERGE,53401,"The University of Calgary",Buyer,38,3,324,"University of Calgary",Buyer,1319,High,"join=EXACT"
"city of medicine hat",MERGE,53315,"City of Medicine Hat",Buyer,37,5,671,"The City of Medicine Hat",Buyer,1152,High,"join=EXACT"
"calgary housing",MERGE,72047,"Calgary Housing Company (City of Calgary)",Buyer,36,2,575,"Calgary Housing Company",Buyer,810,High,"join=EXACT"
"calgary housing",MERGE,70303,"Calgary Housing Company (City-owned housing corporation)",Buyer,7,2,575,"Calgary Housing Company",Buyer,810,High,"join=EXACT; loser-suppressed"
"perkins will",MERGE,68636,"Perkins&Will (Los Angeles office)",Architect,218,7,69688,"Perkins + Will Architects",Architect,182,High,"join=EXACT"
"perkins will",MERGE,73712,"Perkins&Will Seattle",Architect,33,3,69688,"Perkins + Will Architects",Architect,182,High,"join=EXACT"
"perkins will",MERGE,73778,"Perkins&Will (San Francisco)",Architect,31,3,69688,"Perkins + Will Architects",Architect,182,High,"join=EXACT"
"perkins will",MERGE,54294,"Busby Perkins + Will",Architect,18,2,69688,"Perkins + Will Architects",Architect,182,Low,"join=CONTAINS"
"perkins will",MERGE,75040,"Perkins + Will Canada Inc",Vendor,6,1,69688,"Perkins + Will Architects",Architect,182,Medium,"join=EXACT-NONBD"
"associated engineering",MERGE,50834,"ASSOCIATED ENGINEERING (SASK.) LTD.",Competitor,46,0,2711,"Associated Engineering (Alberta) Ltd.",Competitor,409,High,"join=EXACT; loser-suppressed"
"associated engineering",MERGE,2712,"ASSOCIATED ENGINEERING (B.C.) LTD.",Competitor,12,1,2711,"Associated Engineering (Alberta) Ltd.",Competitor,409,High,"join=EXACT; loser-suppressed"
"associated engineering",MERGE,72295,"Associated Engineering",Competitor,5,1,2711,"Associated Engineering (Alberta) Ltd.",Competitor,409,High,"join=EXACT"
"dialog",MERGE,71514,"DIALOG (Alberta)",Architect,41,4,6154,"DIALOG",Competitor,381,High,"join=EXACT"
"dialog",MERGE,68790,"DIALOG (+ HOK)",Architect,20,3,6154,"DIALOG",Competitor,381,High,"join=EXACT"
"dialog",MERGE,74165,"DIALOG (+ HOK / 360 Architecture)",Architect,15,3,6154,"DIALOG",Competitor,381,High,"join=EXACT"
"arcadis ibi",MERGE,72268,"Arcadis IBI Group (Vancouver)",Architect,24,2,153,"Arcadis IBI Group",Architect,357,High,"join=EXACT"
"bc housing",MERGE,70039,"BC Housing (Our Place Society operator)",Buyer,4,1,38939,"BC Housing",Buyer,336,High,"join=EXACT; loser-suppressed"
"mgba",MERGE,69293,"MGBA (Mallen Gowing Berzins Architecture)",Architect,15,3,69932,"MGBA",Architect,315,High,"join=EXACT"
"kasian architecture interior design",MERGE,72795,"KASIAN ARCHITECTURE INTERIOR DESIGN",Architect,55,1,70543,"Kasian Architecture Interior Design and Planning",Architect,232,High,"join=EXACT; loser-suppressed"
"kasian architecture interior design",MERGE,72269,"Kasian Architecture Interior Design & Planning — Vancouver",Architect,20,3,70543,"Kasian Architecture Interior Design and Planning",Architect,232,High,"join=EXACT"
"kasian architecture interior design",MERGE,73932,"Kasian Architecture Interior Design and Planning (Calgary office)",Architect,8,2,70543,"Kasian Architecture Interior Design and Planning",Architect,232,Low,"join=CONTAINS"
"wa architects",MERGE,70697,"WA Architects Victoria",Architect,127,2,68974,"WA Architects",Architect,154,High,"join=EXACT"
"northern alberta institute of technology",MERGE,53400,"Northern Alberta Institute of Technology (NAIT)",Buyer,37,5,852,"Northern Alberta Institute of Technology",Buyer,240,High,"join=EXACT"
"omicron architecture",MERGE,12813,"Omicron Architecture Engineering Ltd.",Architect,15,3,69968,"Omicron Architecture Engineering Construction",Architect,262,High,"join=EXACT"
"peter rose",MERGE,23402,"Peter Rose Architecture & Interiors Inc.",Architect,67,2,22641,"Peter Rose Architecture",Architect,207,High,"join=EXACT"
"red deer polytechnic",MERGE,71208,"Red Deer Polytechnic (formerly Red Deer College)",Buyer,4,1,340,"Red Deer Polytechnic",Buyer,267,High,"join=EXACT; loser-suppressed"
"city of vancouver",MERGE,72146,"City of Vancouver (Vancouver Board of Parks and Recreation)",Buyer,24,2,399,"City of Vancouver",Buyer,240,High,"join=EXACT"
"city of vancouver",MERGE,72148,"City of Vancouver (developer-delivered, City-operated)",Buyer,2,0,399,"City of Vancouver",Buyer,240,High,"join=EXACT; loser-suppressed"
"gec architecture",MERGE,72271,"GEC Architecture (Vancouver — formerly Gomberoff Bell Lyon)",Architect,42,2,1,"GEC Architecture",Architect,179,High,"join=EXACT"
"gec architecture",MERGE,73930,"GEC Architecture (Calgary office)",Architect,26,2,1,"GEC Architecture",Architect,179,High,"join=EXACT"
"bc timber sales branch",MERGE,549,"BC Timber Sales Branch Chinook",Buyer,37,2,596,"BC Timber Sales Branch",Buyer,129,Low,"join=CONTAINS"
"bc timber sales branch",MERGE,400,"BC Timber Sales Branch Kootenay",Buyer,31,3,596,"BC Timber Sales Branch",Buyer,129,Low,"join=CONTAINS"
"bc timber sales branch",MERGE,348,"BC Timber Sales Branch Kamloops",Buyer,25,3,596,"BC Timber Sales Branch",Buyer,129,High,"join=EXACT"
"bc timber sales branch",MERGE,71449,"Babine BC Timber Sales Branch",Buyer,11,1,596,"BC Timber Sales Branch",Buyer,129,Low,"join=CONTAINS; loser-suppressed"
"bc timber sales branch",MERGE,652,"BC Timber Sales Branch Seaward",Buyer,7,1,596,"BC Timber Sales Branch",Buyer,129,Low,"join=CONTAINS; loser-suppressed"
"bc timber sales branch",MERGE,73870,"BC Timber Sales Branch Skeena",Buyer,4,0,596,"BC Timber Sales Branch",Buyer,129,Low,"join=CONTAINS; loser-suppressed"
"ac martin",MERGE,68629,"AC Martin (A.C. Martin Partners)",Architect,165,7,70108,"AC Martin",Architect,72,High,"join=EXACT"
"civida",MERGE,71128,"Civida (formerly Capital Region Housing Corporation)",Buyer,4,1,388,"Civida",Buyer,218,High,"join=EXACT; loser-suppressed"
"city of burnaby",MERGE,72309,"City of Burnaby — Engineering",Buyer,15,2,691,"City of Burnaby",Buyer,206,High,"join=EXACT"
"cornerstone architecture",MERGE,72283,"Cornerstone Architecture (Vancouver)",Architect,33,2,69724,"Cornerstone Architecture",Architect,178,High,"join=EXACT"
"sahuri partners",MERGE,74174,"Sahuri + Partners (with Pfeiffer Partners)",Architect,3,0,14910,"SAHURI + Partners Architecture Inc.",Architect,208,High,"join=EXACT; loser-suppressed"
"chandos construction",MERGE,70574,"Chandos Construction (co-GC: Khowutzun Development)",GC,3,1,4708,"Chandos Construction Ltd.",GC,201,High,"join=EXACT; loser-suppressed"
"studiohub architects",MERGE,70537,"studioHuB Architects (with MQN Architects)",Architect,4,1,68977,"studioHuB Architects",Architect,190,High,"join=EXACT; loser-suppressed"
"cima",MERGE,69328,"CIMA+ (formerly Bogdonov Pao Associates)",Competitor,4,1,4856,"CIMA+",Competitor,184,High,"join=EXACT; loser-suppressed"
"don saywell",MERGE,46886,"Don Saywell Development Ltd",Developer,3,1,46645,"Don Saywell Developments Ltd",Developer,180,High,"join=EXACT; loser-suppressed"
"don saywell",MERGE,47999,"Don Saywell",Vendor,3,1,46645,"Don Saywell Developments Ltd",Developer,180,Medium,"join=EXACT-NONBD"
"empire west",MERGE,20722,"Empire West Properties Ltd.",Developer,37,1,23041,"Empire West Construction Ltd.",GC,148,Low,"join=EXACT; BIZNUM-CONFLICT(812927713 vs 838550259); loser-suppressed"
"lafarge canada",MERGE,10624,"Lafarge Canada Inc. (TBG Contracting Division of Lafarge Canada Inc.)",GC,4,0,69625,"Lafarge Canada",Buyer,172,High,"join=EXACT; loser-suppressed"
"lafarge canada",MERGE,10621,"Lafarge Canada Inc. (Infrastructure)",Vendor,3,0,69625,"Lafarge Canada",Buyer,172,Medium,"join=EXACT-NONBD"
"lafarge canada",MERGE,10622,"Lafarge Canada Inc. (Lafarge Infrastucture)",Vendor,3,0,69625,"Lafarge Canada",Buyer,172,Medium,"join=EXACT-NONBD"
"lafarge canada",MERGE,10623,"Lafarge Canada Inc. (LafargeHolcim)",Vendor,3,0,69625,"Lafarge Canada",Buyer,172,Medium,"join=EXACT-NONBD"
"musson cattell mackey",MERGE,72267,"Musson Cattell Mackey Partnership (MCM Architects)",Architect,39,2,69589,"Musson Cattell Mackey Partnership",Architect,146,High,"join=EXACT"
"city of kelowna",MERGE,70602,"City of Kelowna (Kelowna International Airport – YLW)",Buyer,4,1,158,"City of Kelowna",Buyer,180,High,"join=EXACT; loser-suppressed"
"maple reinders",MERGE,54934,"Maple Reinders Group",GC,66,7,11319,"Maple Reinders Constructors Ltd.",GC,94,High,"join=EXACT"
"maple reinders",MERGE,71082,"Maple Reinders Construction",GC,18,2,11319,"Maple Reinders Constructors Ltd.",GC,94,High,"join=EXACT"
"maple reinders",MERGE,11323,"Maple Reinders Inc. (General Contractor)",GC,4,0,11319,"Maple Reinders Constructors Ltd.",GC,94,High,"join=EXACT; loser-suppressed"
"gbl architects",MERGE,71466,"GBL Architects (w/ DIALOG, RH Architects)",Architect,20,3,54190,"GBL Architects",Architect,157,High,"join=EXACT"
"diamond schmitt",MERGE,71261,"Diamond Schmitt Architects (with Stantec Architecture)",Architect,3,0,54753,"Diamond Schmitt Architects",Architect,174,High,"join=EXACT; loser-suppressed"
"gga architecture",MERGE,72098,"GGA-Architecture (formerly Gibbs Gage Architects)",Architect,73,4,8129,"GGA Architecture",Architect,38,High,"join=EXACT"
"gga architecture",MERGE,68758,"GGA-Architecture (Gibbs Gage Architects)",Architect,64,5,8129,"GGA Architecture",Architect,38,High,"join=EXACT"
"city of richmond",MERGE,72152,"City of Richmond (developer-funded community amenity)",Buyer,2,0,394,"City of Richmond",Buyer,169,High,"join=EXACT; loser-suppressed"
"faction architecture",MERGE,69429,"Faction Architecture",Architect,33,5,74016,"Faction Architecture Inc. (Faction Projects Inc.)",Architect,135,High,"join=EXACT"
"translink",MERGE,18913,"TransLink (South Coast British Columbia Transportation Authority)",Developer,101,11,69680,"Translink",Buyer,67,High,"join=EXACT"
"johnston davidson",MERGE,22529,"Johnston Davidson Architecture + Planning Inc.",Architect,25,1,69214,"Johnston Davidson Architecture",Architect,141,High,"join=EXACT; loser-suppressed"
"low hammond rowe",MERGE,69986,"Low Hammond Rowe (LHR), Victoria",Architect,19,3,69756,"Low Hammond Rowe Architects",Architect,145,High,"join=EXACT"
"berry architecture",MERGE,3223,"Berry Architecture & Associates Limited (Berry Architecture & Associates)",Architect,55,3,68976,"Berry Architecture + Associates",Architect,96,High,"join=EXACT"
"berry architecture",MERGE,70015,"Berry Architecture and Associates",Architect,12,2,68976,"Berry Architecture + Associates",Architect,96,Low,"join=CONTAINS"
"ubc properties trust",MERGE,72202,"UBC Properties Trust (development manager)",GC,1,0,38956,"UBC Properties Trust",Developer,159,High,"join=EXACT; loser-suppressed"
"metro vancouver",MERGE,71025,"Metro Vancouver Housing Corporation",Buyer,50,4,23987,"Metro Vancouver",Buyer,61,Low,"join=CONTAINS"
"metro vancouver",MERGE,68841,"Metro Vancouver (Metro Vancouver Regional District)",Buyer,48,7,23987,"Metro Vancouver",Buyer,61,High,"join=EXACT"
"city of maple ridge",MERGE,72321,"City of Maple Ridge — Engineering",Buyer,12,2,72158,"City of Maple Ridge",Buyer,145,High,"join=EXACT"
"edmonton public library",MERGE,72336,"Edmonton Public Library (EPL)",Buyer,29,3,703,"Edmonton Public Library",Buyer,126,High,"join=EXACT"
"clark builders",MERGE,72440,"Clark Builders (Construction Manager)",GC,1,0,4922,"Clark Builders",GC,153,High,"join=EXACT; loser-suppressed"
"clark builders",MERGE,72445,"Clark Builders (confirmed as Construction Manager on DIALOG project page)",GC,1,0,4922,"Clark Builders",GC,153,High,"join=EXACT; loser-suppressed"
"new look",MERGE,25000,"New Look Properties Inc.",Developer,5,1,22810,"New Look Developments Ltd",Developer,148,Low,"join=EXACT; BIZNUM-CONFLICT(817607559 vs 847947611); loser-suppressed"
"government of alberta",MERGE,72082,"Government of Alberta",Buyer,19,2,18867,"Government of Alberta (APC)",Buyer,121,High,"join=EXACT"
"government of alberta",MERGE,72439,"Government of Alberta (Ministry of Seniors, Community and Social Services)",Buyer,11,2,18867,"Government of Alberta (APC)",Buyer,121,High,"join=EXACT"
"shape architecture",MERGE,69997,"Shape Architecture (Vancouver)",Architect,32,3,69164,"SHAPE Architecture",Architect,111,High,"join=EXACT"
"simon fraser university",MERGE,70944,"Simon Fraser University (Surrey campus)",Buyer,5,1,771,"Simon Fraser University",Buyer,129,High,"join=EXACT; loser-suppressed"
"simon fraser university",MERGE,64475,"SIMON FRASER UNIVERSITY SURREY",Vendor,3,0,771,"Simon Fraser University",Buyer,129,Medium,"join=EXACT-NONBD"
"joneljim concrete",MERGE,48775,"JONELJIM CONCRETE CONSTRUCTION (1994) LTD.",GC,26,0,47805,"Joneljim Concrete Construction",GC,110,High,"join=EXACT; loser-suppressed"
"amron construction",MERGE,2366,"Amron Construction (of Red Cliff, AB)",GC,5,0,2364,"AMRON Construction",GC,127,High,"join=EXACT; loser-suppressed"
"amron construction",MERGE,2368,"Amron Construction Management Ltd.",GC,3,0,2364,"AMRON Construction",GC,127,Low,"join=CONTAINS; loser-suppressed"
"thornton tomasetti",MERGE,69914,"Thornton Tomasetti (with DIALOG)",Competitor,3,1,68746,"Thornton Tomasetti",Competitor,123,High,"join=EXACT; loser-suppressed"
"vancouver fraser port authority",MERGE,54058,"Vancouver Fraser Port Authority",Buyer,40,5,38952,"Vancouver Fraser Port Authority (Port of Vancouver)",Developer,83,High,"join=EXACT"
"vancouver fraser port authority",MERGE,68294,"VANCOUVER FRASER PORT AUTHORITY (VFPA)",Vendor,3,0,38952,"Vancouver Fraser Port Authority (Port of Vancouver)",Developer,83,Medium,"join=EXACT-NONBD"
"s2 architecture",MERGE,73931,"S2 Architecture (Calgary office)",Architect,22,2,14871,"S2 Architecture",Architect,102,High,"join=EXACT"
"axiom builders",MERGE,70888,"Axiom Builders (Phase 1)",GC,3,2,71004,"Axiom Builders",GC,121,High,"join=EXACT; loser-suppressed"
"montage development",MERGE,23927,"Montage Development LTD",Developer,33,1,78,"Montage Development Consultants",KorClient,90,High,"join=EXACT; loser-suppressed"
"pcl constructors westcoast",MERGE,71027,"PCL Constructors Westcoast Inc. (P3)",Buyer,5,1,20517,"PCL Constructors Westcoast Inc.",GC,117,High,"join=EXACT; loser-suppressed"
"revery architecture",MERGE,72266,"Revery Architecture",Architect,55,5,38974,"Revery Architecture Inc. (formerly Bing Thom Architects)",Architect,56,High,"join=EXACT"
"revery architecture",MERGE,72149,"Revery Architecture (existing CC)",Architect,10,2,38974,"Revery Architecture Inc. (formerly Bing Thom Architects)",Architect,56,High,"join=EXACT"
"krawford construction",MERGE,10525,"Krawford Construction (2011) Inc",GC,18,0,10528,"Krawford Construction Company Inc.",GC,100,High,"join=EXACT; loser-suppressed"
"krawford construction",MERGE,10526,"Krawford Construction (20111) Inc",GC,3,0,10528,"Krawford Construction Company Inc.",GC,100,High,"join=EXACT; loser-suppressed"
"provincial health services authority",MERGE,75026,"Provincial Health Services Authority (Incl. BCCSS)",Buyer,31,0,72211,"Provincial Health Services Authority (PHSA)",Buyer,85,High,"join=EXACT; loser-suppressed"
"reimagine architects",MERGE,71535,"Reimagine Architects",Architect,55,4,68919,"Reimagine Architects (formerly Manasc Isaac)",Architect,60,High,"join=EXACT"
"jta development",MERGE,23357,"JTA Development Consultants",Developer,109,3,71067,"JTA Development",Buyer,4,High,"join=EXACT"
"anthem properties",MERGE,72244,"Anthem Properties (with institutional JV partner)",Developer,3,0,207,"Anthem Properties Group Ltd.",KorClient,109,High,"join=EXACT; loser-suppressed"
"in line",MERGE,9490,"In-Line Contractors Partnership",GC,3,0,9379,"In Line Contracting Partnership",GC,104,High,"join=EXACT; loser-suppressed"
"wilco contractors south west",MERGE,73987,"Wilco Contractors South West Inc. (Calgary Office)",GC,3,0,18454,"Wilco Contractors South West Inc.",GC,102,High,"join=EXACT; loser-suppressed"
"station one",MERGE,72166,"Station One Architects (SoA)",Architect,30,1,68879,"Station One Architects",Architect,67,High,"join=EXACT"
"station one",MERGE,69892,"Station One Architects (Burke Mountain Middle/Secondary School)",Architect,4,1,68879,"Station One Architects",Architect,67,High,"join=EXACT; loser-suppressed"
"thinkspace architecture planning interior design",MERGE,70703,"Thinkspace Architecture Planning Interior Design (compliance architect)",Architect,17,2,69109,"Thinkspace Architecture Planning Interior Design Ltd.",Architect,83,High,"join=EXACT"
"ratio architecture interior design",MERGE,44642,"RATIO ARCHITECTURE INTERIOR DESIGN",Architect,39,1,20545,"RATIO Architecture, Interior Design, Planning Inc.",Architect,60,High,"join=EXACT; loser-suppressed"
"city of surrey",MERGE,72327,"City of Surrey — Engineering",Buyer,12,2,18838,"City of Surrey",Buyer,86,High,"join=EXACT"
"gibbs gage",MERGE,73887,"Gibbs Gage Architects",Architect,31,2,69614,"Gibbs Gage Architects (GGA-Architecture)",Architect,61,High,"join=EXACT"
"calgary catholic school district",MERGE,74159,"Calgary Catholic School District",Buyer,23,5,68781,"Calgary Catholic School District (CCSD)",Buyer,64,High,"join=EXACT"
"start architecture",MERGE,71132,"START Architecture (formerly ONPA Architects)",Architect,23,2,16018,"START Architecture Inc",Architect,61,High,"join=EXACT"
"whissell contracting",MERGE,18404,"Whissell Contracting Calgary LTD",GC,13,1,18405,"Whissell Contracting Ltd",GC,63,High,"join=EXACT; loser-suppressed"
"whissell contracting",MERGE,18408,"Whissell Contracting Ltd. (of Lethbridge, AB)",GC,4,1,18405,"Whissell Contracting Ltd",GC,63,High,"join=EXACT; loser-suppressed"
"whissell contracting",MERGE,18409,"Whissell Contracting Ltd. (Whissell Contracting Ltd.)",GC,4,1,18405,"Whissell Contracting Ltd",GC,63,High,"join=EXACT; loser-suppressed"
"calgary municipal land",MERGE,69609,"Calgary Municipal Land Corporation",Buyer,34,5,53614,"Calgary Municipal Land Corp. (CMLC)",Developer,50,High,"join=EXACT"
"ron hart",MERGE,71359,"Ron Hart Architecture (Ron Hart Architect Ltd)",Architect,15,2,71330,"Ron Hart Architecture",Architect,67,High,"join=EXACT"
"on side restoration services",MERGE,31123,"On Side Restoration Services - Vancouver",GC,6,1,19650,"On Side Restoration Services Ltd",GC,76,High,"join=EXACT; loser-suppressed"
"alpha construction",MERGE,2194,"Alpha Construction (Calgary) Inc.",GC,6,0,2196,"Alpha Construction Inc",GC,72,High,"join=EXACT; loser-suppressed"
"alpha construction",MERGE,2195,"Alpha Construction Ic.",GC,3,0,2196,"Alpha Construction Inc",GC,72,Low,"join=CONTAINS; loser-suppressed"
"arc studio",MERGE,71509,"Arc Studio (Alberta)",Architect,28,2,2555,"Arc Studio",Architect,52,High,"join=EXACT"
"magnusson klemencic",MERGE,74186,"Magnusson Klemencic Associates",Competitor,23,4,68742,"Magnusson Klemencic Associates (MKA)",Competitor,57,High,"join=EXACT"
"integra architecture",MERGE,72254,"Integra Architecture (confirmed)",Architect,16,2,71250,"Integra Architecture Inc.",Architect,61,High,"join=EXACT"
"zeidler architecture",MERGE,27056,"Zeidler Architecture - Vancouver",Architect,16,1,18771,"Zeidler Architecture",Architect,61,High,"join=EXACT; loser-suppressed"
"luxton construction",MERGE,47684,"Luxton Construction PLains Inc",GC,15,1,11123,"Luxton Construction",GC,59,Low,"join=CONTAINS; BIZNUM-CONFLICT(737755538 vs 826152001); loser-suppressed"
"luxton construction",MERGE,11124,"Luxton Construction (Luxton Construction)",GC,3,0,11123,"Luxton Construction",GC,59,High,"join=EXACT; loser-suppressed"
"haebler construction",MERGE,20604,"Haebler Construction (2003) Inc",GC,17,1,70973,"Haebler Construction",GC,48,Low,"join=EXACT; BIZNUM-CONFLICT(889854808 vs 893294322); loser-suppressed"
"haebler construction",MERGE,24162,"Haebler Construction Projects Inc",GC,11,1,70973,"Haebler Construction",GC,48,Low,"join=CONTAINS; loser-suppressed"
"wensley architecture",MERGE,69966,"Wensley Architecture (WA Architects)",Architect,34,3,54454,"Wensley Architecture",Architect,42,High,"join=EXACT"
"fwba architects",MERGE,68921,"FWBA Architects (Ferrari Westwood Babits)",Architect,33,4,7843,"FWBA Architects",Architect,42,High,"join=EXACT"
"miller hull",MERGE,73992,"The Miller Hull Partnership",Architect,15,2,68912,"Miller Hull Partnership",Architect,60,High,"join=EXACT"
"osoyoos indian band",MERGE,48317,"Osoyoos Indian Band Development Corporation",Developer,32,5,53946,"Osoyoos Indian Band",Buyer,36,High,"join=EXACT"
"osoyoos indian band",MERGE,54993,"Osoyoos Indian Band Development Corporation (OIBDC)",Developer,6,2,53946,"Osoyoos Indian Band",Buyer,36,High,"join=EXACT; loser-suppressed"
"willow spring",MERGE,18495,"Willow Spring Construction",GC,17,1,20819,"Willow Spring Construction BC Ltd",GC,37,High,"join=EXACT; loser-suppressed"
"willow spring",MERGE,18496,"WILLOW SPRING CONSTRUCTION (ALTA) LTD",GC,17,0,20819,"Willow Spring Construction BC Ltd",GC,37,High,"join=EXACT; loser-suppressed"
"willow spring",MERGE,18494,"Willow Spring",Vendor,3,1,20819,"Willow Spring Construction BC Ltd",GC,37,Low,"join=EXACT-NONBD; BIZNUM-CONFLICT(729383091 vs 105699151)"
"city of delta",MERGE,72320,"City of Delta — Engineering",Buyer,10,2,886,"City of Delta",Buyer,64,High,"join=EXACT"
"baja construction",MERGE,2973,"Baja construction canada inc. (baja construction)",GC,3,0,2972,"Baja Construction Canada Inc.",GC,70,High,"join=EXACT; loser-suppressed"
"darwin properties",MERGE,73799,"Darwin Properties & Construction",Developer,20,3,89,"Darwin Properties Ltd.",KorClient,52,High,"join=EXACT"
"alps construction",MERGE,2218,"Alps Construction Ltd.",GC,35,2,2217,"Alps Construction (2007) Ltd",GC,36,High,"join=EXACT"
"teeple architects",MERGE,74178,"Teeple Architects (with Stantec / Architecture Tkalcic Bengert)",Architect,3,0,69767,"Teeple Architects",Architect,65,High,"join=EXACT; loser-suppressed"
"atkinson construction",MERGE,2772,"Atkinson Construction (ACL) Ltd",GC,19,0,2773,"Atkinson Construction Ltd.",GC,48,High,"join=EXACT; loser-suppressed"
"macdonald hagarty",MERGE,70729,"MacDonald Hagarty Architects (MHArchitects)",Architect,26,4,69001,"MacDonald Hagarty Architects",Architect,26,High,"join=EXACT"
"macdonald hagarty",MERGE,70036,"MacDonald Hagarty Architects (Comox)",Architect,15,2,69001,"MacDonald Hagarty Architects",Architect,26,High,"join=EXACT"
"mcfarland marceau",MERGE,70331,"McFarland Marceau Architects (MMA)",Architect,24,2,69320,"McFarland Marceau Architects",Architect,43,High,"join=EXACT"
"ckb construction",MERGE,4914,"CKB Construction (2004) Ltd.",GC,12,0,4917,"CKB Construction Ltd",GC,55,High,"join=EXACT; loser-suppressed"
"live edge okanagan",MERGE,70784,"Live Edge Okanagan",Buyer,4,2,166,"Live Edge Okanagan Builders",KorClient,62,High,"join=EXACT; loser-suppressed"
"urban one",MERGE,71503,"Urban One",GC,18,3,15,"Urban One Builders",KorClient,43,High,"join=EXACT"
"urban one",MERGE,28637,"URBAN ONE CONSTRUCTION INC.",GC,4,1,15,"Urban One Builders",KorClient,43,Low,"join=EXACT; BIZNUM-CONFLICT(844327080 vs 851307702); loser-suppressed"
"pemco construction",MERGE,13300,"Pemco Construction Ltd. (General Contractor)",GC,5,1,13298,"Pemco Construction Ltd",GC,59,High,"join=EXACT; loser-suppressed"
"lavergne construction",MERGE,10744,"Lavergne Construction",GC,3,1,10745,"Lavergne Construction (1988) Ltd.",GC,57,High,"join=EXACT; loser-suppressed"
"lavergne construction",MERGE,10746,"LAVERGNE CONSTRUCTION MANAGEMENT LTD.",GC,3,0,10745,"Lavergne Construction (1988) Ltd.",GC,57,Low,"join=CONTAINS; loser-suppressed"
"goldbar contractors",MERGE,8249,"Goldbar Contractors Inc. (Mechanical Contractor)",GC,4,0,8248,"GOLDBAR CONTRACTORS INC",GC,59,High,"join=EXACT; loser-suppressed"
"castle rock",MERGE,4454,"Castle Rock Construction",GC,29,2,4456,"Castle Rock Contracting Ltd",GC,33,High,"join=EXACT"
"onpa architects",MERGE,71205,"ONPA Architects (now START Architecture)",Architect,17,2,12863,"ONPA Architects Inc.",Architect,37,High,"join=EXACT"
"onpa architects",MERGE,12864,"ONPA Architects Inc. (ONPA Architects)",Architect,8,1,12863,"ONPA Architects Inc.",Architect,37,High,"join=EXACT; loser-suppressed"
"onni contracting",MERGE,21326,"Onni Contracting Ltd",GC,24,1,167,"Onni Contracting (California), Inc.",KorClient,38,High,"join=EXACT; loser-suppressed"
"kmbr architects planners",MERGE,71376,"KMBR Architects Planners (Okanagan projects)",Architect,13,2,72169,"KMBR Architects Planners Inc.",Architect,48,High,"join=EXACT"
"svemy construction",MERGE,71930,"SVEMY Construction Ltd (Alberta)",GC,4,0,16346,"SVEMY CONSTRUCTION LTD.",GC,56,High,"join=EXACT; loser-suppressed"
"ulmus development",MERGE,20977,"Ulmus (Oku) Development Ltd.",Developer,28,1,143,"Ulmus Development Ltd.",KorClient,31,Low,"join=EXACT; BIZNUM-CONFLICT(750938524 vs 750939720); loser-suppressed"
"canadian development",MERGE,4158,"Canadian Development Consultants International",Developer,27,3,56841,"CANADIAN DEVELOPMENT CONSULTANTS",Developer,31,High,"join=EXACT"
"devitt forand",MERGE,6110,"Devitt & Forand",Vendor,3,0,6112,"Devitt & Forand Contractors Inc",GC,48,Medium,"join=EXACT-NONBD"
"devitt forand",MERGE,6111,"Devitt & Forand Construction Ltd.",GC,3,0,6112,"Devitt & Forand Contractors Inc",GC,48,High,"join=EXACT; loser-suppressed"
"devitt forand",MERGE,6113,"Devitt & Forand Contractors Inc (Devitt & Forand Contractors Inc.)",GC,3,0,6112,"Devitt & Forand Contractors Inc",GC,48,High,"join=EXACT; loser-suppressed"
"comox valley regional district",MERGE,69047,"Comox Valley Regional District (CVRD)",Buyer,18,4,54541,"Comox Valley Regional District",Buyer,39,High,"join=EXACT"
"norr architects",MERGE,73929,"NORR Architects (Calgary office)",Architect,19,2,46132,"NORR Architects & Engineers Limited",Architect,37,High,"join=EXACT"
"lethbridge college",MERGE,72097,"Lethbridge College (Lethbridge Polytechnic)",Buyer,13,2,525,"Lethbridge College",Buyer,43,High,"join=EXACT"
"golden fortune",MERGE,25797,"Golden Fortune Construction Ltd",GC,11,1,22836,"Golden Fortune Development Inc",Developer,45,Low,"join=EXACT; BIZNUM-CONFLICT(824138267 vs 817215411); loser-suppressed"
"carlisle group",MERGE,53468,"The Carlisle Group",Developer,18,3,53370,"Carlisle Group",Developer,37,High,"join=EXACT"
"ward bros",MERGE,18054,"Ward Bros. Construction Ltd. (of Lethbridge, AB)",GC,16,1,18051,"Ward Bros Construction Ltd.",GC,32,High,"join=EXACT; loser-suppressed"
"ward bros",MERGE,18050,"Ward Bros Construction (of Lethbridge, AB)",GC,3,0,18051,"Ward Bros Construction Ltd.",GC,32,High,"join=EXACT; loser-suppressed"
"ward bros",MERGE,18052,"Ward bros Ltd.",Vendor,3,0,18051,"Ward Bros Construction Ltd.",GC,32,Medium,"join=EXACT-NONBD"
"interworks contracting",MERGE,71572,"Interworks Contracting Ltd (AB)",GC,8,0,9672,"Interworks Contracting Ltd.",GC,45,High,"join=EXACT; loser-suppressed"
"hensel phelps",MERGE,54948,"Hensel Phelps",GC,26,3,68622,"Hensel Phelps Construction Co.",GC,26,High,"join=EXACT"
"giannone petricone",MERGE,69974,"Giannone Petricone Associates (Toronto)",Architect,22,2,68829,"Giannone Petricone Associates",Architect,29,High,"join=EXACT"
"marc boutin architectural",MERGE,71199,"Marc Boutin Architectural Collaborative Inc.",Architect,20,4,16853,"The Marc Boutin Architectural Collaborative Inc",Architect,21,Low,"join=CONTAINS"
"marc boutin architectural",MERGE,11332,"Marc Boutin Architectural",Architect,7,3,16853,"The Marc Boutin Architectural Collaborative Inc",Architect,21,High,"join=EXACT"
"marc boutin architectural",MERGE,16852,"THE MARC BOUTIN ARCHITECTURAL",Architect,3,1,16853,"The Marc Boutin Architectural Collaborative Inc",Architect,21,High,"join=EXACT; loser-suppressed"
"lex3 engineering",MERGE,10906,"LEX3 Engineering Inc. (Calgary)",Competitor,3,0,10905,"LEX3 Engineering Inc",Competitor,47,High,"join=EXACT; loser-suppressed"
"adamson associates",MERGE,67440,"Adamson Associates Architects",Architect,15,3,69258,"Adamson Associates Architects (Design: Frank Gehry Partners)",Architect,35,High,"join=EXACT"
"fillmore construction management",MERGE,71823,"Fillmore Construction Management Inc (Fillmore Construction Management Inc)",GC,4,0,7409,"FILLMORE CONSTRUCTION MANAGEMENT INC",GC,46,High,"join=EXACT; loser-suppressed"
"itc construction",MERGE,22462,"ITC Construction BC Inc",GC,10,1,70926,"ITC Construction Group",GC,33,High,"join=EXACT; loser-suppressed"
"itc construction",MERGE,32227,"ITC Construction Management BC Inc",GC,6,1,70926,"ITC Construction Group",GC,33,Low,"join=CONTAINS; loser-suppressed"
"bentall kennedy",MERGE,53626,"Bentall Kennedy",Developer,3,1,3202,"Bentall Kennedy (Canada) LP",Developer,46,High,"join=EXACT; loser-suppressed"
"wade general",MERGE,47177,"Wade General Construction LTD",GC,3,0,46591,"Wade General Contracting Ltd",GC,41,High,"join=EXACT; loser-suppressed"
"wade general",MERGE,47994,"Wade General Contractingb",GC,3,0,46591,"Wade General Contracting Ltd",GC,41,Low,"join=CONTAINS; loser-suppressed"
"bjarke ingels group dialog",MERGE,69946,"Bjarke Ingels Group (BIG); DIALOG (associate architect)",Architect,22,2,69243,"Bjarke Ingels Group (BIG) + DIALOG",Architect,25,High,"join=EXACT"
"canada lands",MERGE,55048,"Canada Lands Company (CLC)",Developer,9,3,54118,"Canada Lands Company Ltd.",Buyer,38,High,"join=EXACT; loser-suppressed"
"timcon construction",MERGE,17023,"Timcon Construction",GC,17,0,17025,"Timcon Construction (1988) Ltd",GC,26,High,"join=EXACT; loser-suppressed"
"timcon construction",MERGE,17024,"Timcon Construction (1981) Ltd",GC,3,0,17025,"Timcon Construction (1988) Ltd",GC,26,High,"join=EXACT; loser-suppressed"
"scott construction",MERGE,44744,"SCOTT CONSTRUCTION NIAGARA INC",GC,5,0,54932,"Scott Construction Group",GC,34,Low,"join=CONTAINS; loser-suppressed"
"scott construction",MERGE,15091,"Scott Construction (Alberta) Ltd",GC,4,0,54932,"Scott Construction Group",GC,34,High,"join=EXACT; loser-suppressed"
"scott construction",MERGE,36438,"SCOTT CONSTRUCTION MANAGEMENT LTD.",GC,3,1,54932,"Scott Construction Group",GC,34,Low,"join=CONTAINS; loser-suppressed"
"hulbert group",MERGE,54266,"Hulbert Group",Architect,16,3,54330,"Hulbert Group International Inc.",Architect,17,High,"join=EXACT"
"hulbert group",MERGE,54329,"The Hulbert Group",Architect,13,2,54330,"Hulbert Group International Inc.",Architect,17,High,"join=EXACT"
"bc institute of technology",MERGE,69458,"BC Institute of Technology (BCIT)",Buyer,14,3,18819,"BC Institute of Technology",Buyer,30,High,"join=EXACT; loser-suppressed"
"most engineering",MERGE,12029,"MOST Engineering (2001) Ltd.",Competitor,19,2,71883,"MOST Engineering",Competitor,24,High,"join=EXACT"
"lemay",MERGE,71527,"Lemay (Calgary, Toronto, Montreal, Quebec, New York, Edmonton, Dubai, Sao Paolo, Copenhagen, Aarhus)",Architect,5,0,71176,"Lemay",Architect,38,High,"join=EXACT; loser-suppressed"
"thinkspace architecture planning and interior design",MERGE,72170,"Thinkspace Architecture Planning and Interior Design (Lee Blanchard)",Architect,10,1,72164,"Thinkspace Architecture Planning and Interior Design",Architect,32,High,"join=EXACT"
"covenant health",MERGE,72128,"Covenant Health Calgary",Buyer,12,2,5472,"Covenant Health",Buyer,28,High,"join=EXACT"
"khowutzun development",MERGE,54998,"Khowutzun Development Corporation (KDLLP)",Developer,8,2,69186,"Khowutzun Development Corporation",Developer,32,High,"join=EXACT; loser-suppressed"
"thompson rivers university",MERGE,54525,"Thompson Rivers University (TRU)",Buyer,15,4,18908,"Thompson Rivers University",Buyer,25,High,"join=EXACT; loser-suppressed"
"holaco construction",MERGE,25601,"Holaco Construction",GC,17,1,9025,"HOLACO CONSTRUCTION (1997) LTD.",GC,22,High,"join=EXACT; loser-suppressed"
"unsurpassable construction",MERGE,71620,"Unsurpassable Construction Ltd (Didsbury)",GC,3,0,17626,"Unsurpassable Construction Ltd.",GC,36,High,"join=EXACT; loser-suppressed"
"southwest design",MERGE,15720,"Southwest Design and Construction",GC,8,1,15718,"Southwest Design & Construction Ltd",GC,25,Low,"join=CONTAINS; loser-suppressed"
"southwest design",MERGE,15719,"Southwest Design & Construction Ltd. (Same)",GC,5,1,15718,"Southwest Design & Construction Ltd",GC,25,High,"join=EXACT; loser-suppressed"
"rwa group",MERGE,71013,"RWA Group Architecture (Ramsay Worden Architects)",Architect,14,2,69446,"RWA Group Architecture",Architect,23,High,"join=EXACT"
"square nine",MERGE,23806,"Square Nine Builders Inc",GC,10,1,172,"Square Nine Development",KorClient,27,High,"join=EXACT; loser-suppressed"
"reco construction",MERGE,14204,"Reco Construction (2010) Ltd",GC,10,0,14205,"Reco Construction Ltd.",GC,26,High,"join=EXACT; loser-suppressed"
"akron engineering consultant s",MERGE,1964,"Akron Engineering Consultant's Group Ltd. (Akron Engineering)",Competitor,12,2,1963,"Akron Engineering Consultant's Group LTD",Competitor,24,High,"join=EXACT"
"hsea architecture",MERGE,71211,"HSEA Architecture Inc. (Hodgson Schilf Evans Architects)",Architect,17,2,72112,"HSEA Architecture (Hodgson Schilf Evans Architects)",Architect,19,High,"join=EXACT"
"sena constructors",MERGE,15192,"SeNa Constructors Inc. (Engineering & Constructions)",GC,4,0,15191,"SeNa Constructors Inc.",GC,31,High,"join=EXACT; loser-suppressed"
"vancouver island university",MERGE,54157,"Vancouver Island University (formerly Malaspina College)",Buyer,4,1,18920,"Vancouver Island University",Buyer,31,High,"join=EXACT; loser-suppressed"
"bennett s construction supplies",MERGE,68296,"BENNETT'S CONSTRUCTION & SUPPLIES (2011) LIMITED",GC,3,0,42674,"BENNETT'S CONSTRUCTION & SUPPLIES LTD",GC,32,High,"join=EXACT; loser-suppressed"
"boffo developments",MERGE,25155,"Boffo Developments (Smithe) Ltd.",Developer,8,1,69806,"Boffo Developments",Buyer,27,Low,"join=EXACT; CLENDOR-CONFLICT(CL00671 vs f7cf3d8e58614009a51a242ff4d960b9); BIZNUM-CONFLICT(806286514 vs 830208567); loser-suppressed"
"three hills",MERGE,42377,"THREE HILLS ENGINEERING LTD.",Competitor,7,0,336,"Three Hills",Buyer,27,High,"join=EXACT; loser-suppressed"
"leighton contracting",MERGE,47607,"Leighton Contracting Ltd",GC,6,1,47047,"Leighton contracting (2009) Ltd",GC,28,High,"join=EXACT; loser-suppressed"
"hdr architecture",MERGE,72235,"HDR Architecture Associates (confirmed)",Architect,16,2,72190,"HDR Architecture Associates",Architect,16,High,"join=EXACT"
"hdr architecture",MERGE,72209,"HDR Architecture (design-build)",Architect,2,0,72190,"HDR Architecture Associates",Architect,16,High,"join=EXACT; loser-suppressed"
"jm architecture",MERGE,70746,"JM Architecture Inc.",Architect,17,3,69993,"JM Architecture Inc (Surrey)",Architect,17,High,"join=EXACT"
"construction polaris",MERGE,51042,"CONSTRUCTION POLARIS (1993) INC.",GC,10,0,44414,"CONSTRUCTION POLARIS CMM INC",GC,14,High,"join=EXACT; loser-suppressed"
"construction polaris",MERGE,42666,"CONSTRUCTION POLARIS",GC,9,0,44414,"CONSTRUCTION POLARIS CMM INC",GC,14,High,"join=EXACT; loser-suppressed"
"civitas urban design",MERGE,69890,"Civitas Urban Design & Architecture (2024/2025 revised concept as Concord Landing)",Architect,15,2,69862,"Civitas Urban Design & Architecture",Architect,18,High,"join=EXACT"
"walterfedy architecture",MERGE,73928,"WalterFedy Architecture (formerly Riddell Kurczaba Architecture Engineering)",Architect,7,1,71323,"WalterFedy Architecture",Architect,26,High,"join=EXACT; loser-suppressed"
"eba engineering",MERGE,6598,"EBA Engineering Consultants Ltd. (EBA, A Tetra Tech Company)",Competitor,3,1,6596,"EBA Engineering Consultants Ltd.",Unknown,24,High,"join=EXACT; loser-suppressed"
"eba engineering",MERGE,6599,"EBA Engineering Consultants Ltd. (of Calgary, AB)",Competitor,3,0,6596,"EBA Engineering Consultants Ltd.",Unknown,24,High,"join=EXACT; loser-suppressed"
"eba engineering",MERGE,6600,"EBA Engineering Consultants Ltd. (of Lethbridge, AB)",Competitor,3,0,6596,"EBA Engineering Consultants Ltd.",Unknown,24,High,"join=EXACT; loser-suppressed"
"emmons and mitchell",MERGE,47172,"Emmons and Mitchell Construction (2000) Limited",GC,5,0,47900,"Emmons and Mitchell Construction",GC,25,High,"join=EXACT; loser-suppressed"
"emmons and mitchell",MERGE,48708,"EMMONS AND MITCHELL",Vendor,3,0,47900,"Emmons and Mitchell Construction",GC,25,Medium,"join=EXACT-NONBD"
"tien sher",MERGE,69909,"Tien Sher Development Group Inc.",GC,10,1,55100,"Tien Sher Group",Developer,19,High,"join=EXACT"
"tien sher",MERGE,53918,"Tien Sher Investment",Developer,4,1,55100,"Tien Sher Group",Developer,19,Low,"join=CONTAINS; BIZNUM-CONFLICT(825787120 vs 827820366); loser-suppressed"
"stantec",MERGE,69910,"Stantec (full integrated design including architecture)",Architect,12,2,69987,"Stantec (Stefan Schulson, Principal Architect)",Architect,14,High,"join=EXACT"
"stantec",MERGE,69581,"Stantec (integrated design-build)",Competitor,3,1,69987,"Stantec (Stefan Schulson, Principal Architect)",Architect,14,High,"join=EXACT; loser-suppressed"
"stantec",MERGE,69923,"Stantec (Craig More, structural engineer)",Competitor,3,1,69987,"Stantec (Stefan Schulson, Principal Architect)",Architect,14,High,"join=EXACT; loser-suppressed"
"trammell crow",MERGE,74229,"Trammell Crow Company",Developer,6,2,73739,"Trammell Crow Company — Seattle",Developer,25,High,"join=EXACT"
"yorkton group",MERGE,53390,"Yorkton Group",Developer,3,1,53597,"Yorkton Group International",Developer,28,High,"join=EXACT; loser-suppressed"
"lewis vancouver",MERGE,23827,"Lewis Vancouver Development Ltd.",Developer,8,1,19756,"LEWIS VANCOUVER CONSTRUCTION LTD",GC,23,Low,"join=EXACT; BIZNUM-CONFLICT(704747690 vs 801050113); loser-suppressed"
"emil anderson",MERGE,49411,"Emil Anderson Construction Inc.",GC,8,1,6911,"EMIL ANDERSON CONSTRUCTION (EAC) INC.",GC,23,High,"join=EXACT; loser-suppressed"
"bunt associates",MERGE,3845,"Bunt & Associates Engineering (N. Alberta) Ltd",Competitor,12,3,3848,"Bunt & Associates Engineering Ltd.",Unknown,14,High,"join=EXACT"
"bunt associates",MERGE,3846,"Bunt & Associates Engineering (N.Alberta) Ltd. (Transportation Planning)",Competitor,5,0,3848,"Bunt & Associates Engineering Ltd.",Unknown,14,High,"join=EXACT; loser-suppressed"
"qualex landmark",MERGE,54860,"Qualex-Landmark Developments Inc.",Developer,5,1,69804,"Qualex-Landmark",Buyer,26,High,"join=EXACT; loser-suppressed"
"penn co",MERGE,49153,"PENN-CO CONSTRUCTION CANADA (2003)",GC,13,0,51062,"PENN-CO CONSTRUCTION CANADA",GC,17,High,"join=EXACT; loser-suppressed"
"manasc isaac",MERGE,74175,"Manasc Isaac (Reimagine)",Architect,9,1,11288,"MANASC ISAAC ARCHITECTS LTD",Architect,21,High,"join=EXACT"
"city of portland",MERGE,73783,"City of Portland",Buyer,12,2,68834,"City of Portland (OR)",Buyer,17,High,"join=EXACT"
"northern road",MERGE,12563,"Northern Road Builders Inc. (Construction, Logging, Boring, HDD)",GC,6,1,12562,"Northern Road Builders Inc.",GC,23,High,"join=EXACT; loser-suppressed"
"multnomah county",MERGE,68842,"Multnomah County (OR)",Buyer,10,2,73733,"Multnomah County",Buyer,19,High,"join=EXACT; loser-suppressed"
"whiting turner",MERGE,75165,"Whiting-Turner Contracting",GC,1,0,54949,"The Whiting-Turner Contracting Company",GC,28,High,"join=EXACT"
"pacific preferred",MERGE,36310,"Pacific Preferred Development Ltd",Developer,4,1,25097,"Pacific Preferred Developments Ltd",Developer,21,High,"join=EXACT; loser-suppressed"
"pacific preferred",MERGE,38331,"Pacific Preferred Ltd.",Vendor,4,1,25097,"Pacific Preferred Developments Ltd",Developer,21,Medium,"join=EXACT-NONBD"
"smart electrical",MERGE,48268,"Smart Electrical Contractors",GC,4,0,46649,"Smart Electrical Contractors (2007) Ltd.",GC,24,High,"join=EXACT; loser-suppressed"
"boald construction management",MERGE,71581,"Boald Construction Management Ltd (St. Albert)",GC,6,0,3510,"Boald Construction Management Ltd",GC,19,High,"join=EXACT; loser-suppressed"
"boald construction management",MERGE,3511,"Boald Construction Management Ltd. (Boald Construction Management Ltd.)",GC,3,0,3510,"Boald Construction Management Ltd",GC,19,High,"join=EXACT; loser-suppressed"
"canada west",MERGE,24875,"Canada West Construction Ltd",GC,4,1,54824,"Canada West Group",Developer,23,High,"join=EXACT; loser-suppressed"
"hukalo oberg",MERGE,9140,"Hukalo Oberg Engineering Ltd.",Competitor,11,2,9142,"Hukalo Oberg Engineering Ltd. (HO Engineering Ltd.)",Competitor,16,High,"join=EXACT"
"pci group",MERGE,53962,"The PCI Group",Developer,4,1,21199,"PCI Group",Developer,23,High,"join=EXACT; loser-suppressed"
"works of",MERGE,18607,"Works of Architecture (WOA)",Architect,12,3,18606,"Works of Architecture",Architect,15,High,"join=EXACT"
"lafrentz road marking a division of canadian road",MERGE,10642,"Lafrentz Road Marking a Division of Canadian Road Builders (Lafrentz Road Marking)",GC,7,1,10643,"Lafrentz Road Marking A Division of Canadian Road Builders Inc.",GC,14,High,"join=EXACT; loser-suppressed"
"lafrentz road marking a division of canadian road",MERGE,10644,"Lafrentz Road Marking A Division of Canadian Road Builders Inc. (Lafrentz Road Marking)",GC,5,1,10643,"Lafrentz Road Marking A Division of Canadian Road Builders Inc.",GC,14,High,"join=EXACT; loser-suppressed"
"hi beam",MERGE,23279,"Hi-Beam Contractors Ltd",GC,12,1,23277,"Hi-Beam Properties Ltd.",Developer,14,High,"join=EXACT; loser-suppressed"
"hipperson construction",MERGE,41065,"HIPPERSON CONSTRUCTION COMPANY (1996) LTD.",GC,7,0,50960,"HIPPERSON CONSTRUCTION PARTNERSHIP",GC,19,High,"join=EXACT; loser-suppressed"
"bighorn construction",MERGE,46662,"Bighorn Construction",GC,7,1,3301,"Bighorn Construction (2005) Ltd.",GC,19,High,"join=EXACT; loser-suppressed"
"pr pomeroy restoration",MERGE,32189,"PR Pomeroy Restoration & Construction (BC) Inc.",GC,5,0,26800,"PR Pomeroy Restoration & Construction Ltd",GC,20,High,"join=EXACT; loser-suppressed"
"questic contracting",MERGE,13978,"Questic Contracting Ltd (Park, Playground & Spraypark Contracting & Consulting)",GC,8,1,13979,"Questic Contracting Ltd",GC,17,High,"join=EXACT; loser-suppressed"
"bc ferries",MERGE,70325,"BC Ferries (British Columbia Ferry Services Inc.)",Buyer,7,2,53730,"BC Ferries Corporation",Buyer,18,High,"join=EXACT; loser-suppressed"
"tribuild contracting",MERGE,17284,"Tribuild Contracting Ltd.",GC,5,1,17283,"Tribuild Contracting (Calgary) Ltd.",GC,19,High,"join=EXACT; loser-suppressed"
"penticton indian band",MERGE,49132,"Penticton Indian Band",Developer,11,1,69740,"Penticton Indian Band Development Corporation",Developer,13,High,"join=EXACT"
"edyu group",MERGE,20976,"EDYU Group Construction & Development Ltd",Developer,6,1,20678,"EDYU Group Development & Construction Ltd.",GC,18,High,"join=EXACT; loser-suppressed"
"dcl construction services",MERGE,5907,"DCL Construction Services Ltd. (DCL Construction Services Ltd.)",GC,4,0,5906,"DCL Construction Services Ltd.",GC,20,High,"join=EXACT; loser-suppressed"
"porscon construction",MERGE,13544,"Porscon Construction",GC,9,1,13545,"Porscon Construction (2012) Ltd.",GC,15,High,"join=EXACT; loser-suppressed"
"introba canada",MERGE,71521,"Introba Canada LLP (Calgary Office)",Competitor,9,0,9684,"INTROBA CANADA LLP",Vendor,12,High,"join=EXACT; loser-suppressed"
"introba canada",MERGE,63935,"INTROBA CANADA ENGINEERING LP",Competitor,3,1,9684,"INTROBA CANADA LLP",Vendor,12,High,"join=EXACT; loser-suppressed"
"king county housing authority",MERGE,73761,"King County Housing Authority",Buyer,9,2,73729,"King County Housing Authority (KCHA)",Buyer,14,High,"join=EXACT"
"fidelity engineering",MERGE,64055,"FIDELITY ENGINEERING",Competitor,3,0,49990,"Fidelity Engineering & Construction",GC,20,High,"join=EXACT; loser-suppressed"
"formula contractors",MERGE,7650,"Formula Contractors BC Ltd.",GC,5,1,7651,"Formula Contractors Ltd",GC,18,High,"join=EXACT; loser-suppressed"
"greater vancouver regional district",MERGE,53780,"Greater Vancouver Regional District",Buyer,4,1,18868,"Greater Vancouver Regional District (Metro Vancouver)",Buyer,19,High,"join=EXACT; loser-suppressed"
"brook construction",MERGE,40737,"BROOK CONSTRUCTION (2017) INC.",GC,3,0,40764,"BROOK CONSTRUCTION (2007) INC.",GC,20,High,"join=EXACT; loser-suppressed"
"innovative civil",MERGE,9503,"Innovative Civil Construction",GC,3,0,9504,"Innovative Civil Constructors Inc",GC,20,High,"join=EXACT; loser-suppressed"
"seasonal impact",MERGE,15127,"Seasonal Impact",Vendor,6,0,15129,"Seasonal Impact Contracting Ltd.",GC,13,Medium,"join=EXACT-NONBD"
"seasonal impact",MERGE,15128,"Seasonal Impact (Landscape Construction & Maintenance)",GC,3,0,15129,"Seasonal Impact Contracting Ltd.",GC,13,High,"join=EXACT; loser-suppressed"
"arrow engineering",MERGE,71150,"Arrow Engineering (now Englobe)",Competitor,6,1,2636,"Arrow Engineering Inc.",Competitor,16,High,"join=EXACT; loser-suppressed"
"rossco s tree service",MERGE,14715,"Rossco's Tree Service & Contracting Ltd.",GC,3,0,14717,"Rossco's Tree Service and Contracting Ltd.",GC,15,High,"join=EXACT; loser-suppressed"
"rossco s tree service",MERGE,14716,"Rossco's Tree Service & Contracting Ltd. (Rossco's Tree Care)",GC,3,0,14717,"Rossco's Tree Service and Contracting Ltd.",GC,15,High,"join=EXACT; loser-suppressed"
"ags mechanical",MERGE,1908,"AGS Mechanical Contracting",GC,3,0,1909,"AGS Mechanical Contractors Ltd",GC,17,High,"join=EXACT; loser-suppressed"
"department of national defence",MERGE,18851,"Department of National Defence (DND)",Buyer,6,1,71350,"Department of National Defence Canada",Buyer,14,High,"join=EXACT; loser-suppressed"
"heiltsuk nation",MERGE,71417,"Heiltsuk Nation (Heiltsuk Tribal Council)",Buyer,5,1,71316,"Heiltsuk Nation",Buyer,15,High,"join=EXACT; loser-suppressed"
"magellan engineering",MERGE,51188,"MAGELLAN ENGINEERING",Competitor,9,0,46545,"MAGELLAN ENGINEERING CONSULTANTS",Competitor,11,High,"join=EXACT; loser-suppressed"
"mainline construction",MERGE,11247,"Mainline Construction (2014) Ltd",GC,10,0,11246,"Mainline Construction",GC,10,High,"join=EXACT; loser-suppressed"
"nait",MERGE,68809,"NAIT",Developer,9,4,70296,"NAIT (Northern Alberta Institute of Technology)",Buyer,11,High,"join=EXACT"
"keltic development",MERGE,36785,"Keltic (Marine) Development Ltd.",Developer,4,1,55065,"Keltic Development",Developer,16,High,"join=EXACT; loser-suppressed"
"formwerks boutique",MERGE,71104,"Formwerks Boutique",Buyer,4,2,24837,"Formwerks Boutique Properties",Developer,16,High,"join=EXACT; loser-suppressed"
"cutting edge",MERGE,50154,"CUTTING EDGE CONSULTING INC.",Vendor,6,1,5685,"Cutting Edge Construction Ltd.",GC,10,Low,"join=EXACT-NONBD; BIZNUM-CONFLICT(810243212 vs 828098970)"
"cutting edge",MERGE,5684,"Cutting Edge Contracting Ltd",GC,3,1,5685,"Cutting Edge Construction Ltd.",GC,10,High,"join=EXACT; loser-suppressed"
"leeville construction",MERGE,10829,"Leeville Construction Ltd. (Craftex Builders)",GC,4,1,10828,"Leeville Construction Ltd.",GC,15,High,"join=EXACT; loser-suppressed"
"rockliff pierzchajlo kroman",MERGE,14622,"ROCKLIFF PIERZCHAJLO KROMAN ARCHITECTS LTD.",Architect,4,1,71206,"Rockliff Pierzchajlo Kroman Architects Ltd. (RPK Architects, now merged into DIALOG)",Architect,15,High,"join=EXACT; loser-suppressed"
"highstreet ventures",MERGE,70571,"Highstreet Ventures (owner-builder)",GC,2,0,71236,"Highstreet Ventures",Developer,17,High,"join=EXACT; loser-suppressed"
"thompson nicola regional district",MERGE,70271,"Thompson-Nicola Regional District (TNRD)",Buyer,7,2,18907,"Thompson Nicola Regional District",Buyer,12,High,"join=EXACT; loser-suppressed"
"ben wiebe",MERGE,51458,"BEN WIEBE CONSTRUCTION (1985) LTD.",GC,3,0,46568,"Ben Wiebe Construction",GC,15,High,"join=EXACT; loser-suppressed"
"hopkins construction",MERGE,9056,"Hopkins Construction Ltd",GC,8,1,9055,"Hopkins Construction (Lacombe) Ltd.",GC,10,High,"join=EXACT; loser-suppressed"
"nac constructors",MERGE,12204,"NAC Constructors Ltd",GC,8,1,12205,"NAC Constructors Ltd. (NAC Constructors Ltd.)",GC,10,High,"join=EXACT; loser-suppressed"
"gs holdings",MERGE,8562,"GS Holdings Company Ltd. (GS Construction)",GC,3,0,8560,"GS Holdings Co Ltd",Developer,14,High,"join=EXACT; loser-suppressed"
"williams lake first nation",MERGE,55011,"Williams Lake First Nation (Coyote Rock)",Developer,5,2,55044,"Williams Lake First Nation",Buyer,12,High,"join=EXACT; loser-suppressed"
"nanoose first nation",MERGE,71419,"Nanoose First Nation (Snaw-naw-as)",Buyer,5,1,71338,"Nanoose First Nation",Buyer,12,High,"join=EXACT; loser-suppressed"
"zas architects",MERGE,34059,"ZAS Architects + Interiors",Architect,7,1,28876,"ZAS Architects",Architect,10,High,"join=EXACT; loser-suppressed"
"mega technical holdings",MERGE,11652,"Mega Technical Holdings Ltd. (Mega-Tech)",Developer,7,0,11651,"MEGA TECHNICAL HOLDINGS LTD.",Developer,9,High,"join=EXACT; loser-suppressed"
"ultra west estates",MERGE,31894,"Ultra West Estates & Developments Ltd",Developer,6,1,24612,"Ultra West Estates & Development Ltd.",Developer,10,High,"join=EXACT; loser-suppressed"
"cormode dickson",MERGE,5394,"Cormode & Dickson Construction (Fort McMurray) Ltd.",GC,3,0,5393,"Cormode & Dickson Construction",GC,7,High,"join=EXACT; loser-suppressed"
"cormode dickson",MERGE,5395,"Cormode & Dickson Construction Calgary Ltd.",GC,3,0,5393,"Cormode & Dickson Construction",GC,7,High,"join=EXACT; loser-suppressed"
"cormode dickson",MERGE,5396,"Cormode + Dickson Construction Edmonton Ltd.",GC,3,0,5393,"Cormode & Dickson Construction",GC,7,High,"join=EXACT; loser-suppressed"
"aztec renovations refit",MERGE,2922,"Aztec Renovations & Refit Inc. (also as: Aztec Group)",GC,7,0,2921,"Aztec Renovations & Refit Inc.",GC,9,High,"join=EXACT; loser-suppressed"
"edon properties",MERGE,6733,"Edon Properties Inc. (Edon Management)",Developer,4,0,6732,"Edon Properties Inc.",Developer,12,High,"join=EXACT; loser-suppressed"
"vancouver school board",MERGE,74096,"Vancouver School Board",Buyer,4,1,73782,"Vancouver School Board (VSB)",Buyer,12,High,"join=EXACT; loser-suppressed"
"polis mccm",MERGE,19538,"Polis & MCCM Development Ltd.",Developer,7,1,29110,"POLIS & MCCM DEVELOPMENTS LTD.",Developer,8,High,"join=EXACT; loser-suppressed"
"lydale construction",MERGE,11126,"Lydale Construction (Alberta)",GC,4,0,51856,"LYDALE CONSTRUCTION (1983) CO. LTD.",GC,7,High,"join=EXACT; loser-suppressed"
"lydale construction",MERGE,11127,"Lydale Construction (Alberta) (Lydale Construction)",GC,4,0,51856,"LYDALE CONSTRUCTION (1983) CO. LTD.",GC,7,High,"join=EXACT; loser-suppressed"
"telus world of science",MERGE,53292,"Telus World of Science",Developer,5,1,72382,"Telus World of Science Edmonton",Buyer,10,High,"join=EXACT; loser-suppressed"
"maher s",MERGE,51668,"MAHER'S DEVELOPMENT LIMITED",Developer,3,0,44063,"MAHER'S CONTRACTING LTD.",GC,12,High,"join=EXACT; loser-suppressed"
"federation construction services",MERGE,7368,"Federation Construction Services Inc. (Federation Engineering)",GC,3,0,47033,"Federation Construction Services",GC,12,High,"join=EXACT; loser-suppressed"
"mahoe properties",MERGE,44348,"MAHOE PROPERTIES (2002) LTD",Developer,5,1,54068,"Mahoe Properties",Developer,10,Low,"join=EXACT; BIZNUM-CONFLICT(861682938 vs 103457636); loser-suppressed"
"k shaw sons",MERGE,10123,"K. Shaw & Sons Contracting (2009) Ltd.",GC,5,0,10121,"K. Shaw & Sons",Vendor,5,High,"join=EXACT; loser-suppressed"
"k shaw sons",MERGE,10124,"K. Shaw & Sons Contracting Ltd.",GC,5,0,10121,"K. Shaw & Sons",Vendor,5,High,"join=EXACT; loser-suppressed"
"regional district of central kootenay",MERGE,69476,"Regional District of Central Kootenay",Buyer,6,1,70257,"Regional District of Central Kootenay (RDCK)",Buyer,8,High,"join=EXACT; loser-suppressed"
"jones lang lasalle real estate services",MERGE,10061,"Jones Lang LaSalle Real Estate Services Inc (dba. JLL Technologies)",Developer,3,0,10062,"Jones Lang LaSalle Real Estate Services Inc.",Developer,8,High,"join=EXACT; loser-suppressed"
"jones lang lasalle real estate services",MERGE,10063,"Jones Lang LaSalle Real Estate Services, Inc. (Real Estate Brokerage)",Developer,3,0,10062,"Jones Lang LaSalle Real Estate Services Inc.",Developer,8,High,"join=EXACT; loser-suppressed"
"companion construction",MERGE,70882,"Companion Construction",GC,6,1,21276,"Companion Construction (2020) Ltd.",GC,8,High,"join=EXACT; loser-suppressed"
"604 deconstruction",MERGE,21810,"604 Deconstruction Ltd",GC,5,0,20680,"604 Deconstruction (2017) Ltd",GC,9,High,"join=EXACT; loser-suppressed"
"getkate construction",MERGE,8118,"Getkate Construction",GC,3,0,8119,"Getkate Construction (1976) Ltd.",GC,11,High,"join=EXACT; loser-suppressed"
"property development",MERGE,31131,"Property Development",Developer,5,1,55049,"Property Development Group (PDG)",Developer,8,High,"join=EXACT; loser-suppressed"
"sea to sky",MERGE,54781,"Sea to Sky Developments",Developer,3,1,26717,"Sea to Sky Architecture inc.",Architect,10,Low,"join=EXACT; BIZNUM-CONFLICT(880187372 vs 708701149)"
"water street",MERGE,33838,"Water Street Engineering Ltd",Competitor,4,1,54309,"Water Street Architecture Inc.",Architect,9,High,"join=EXACT; loser-suppressed"
"seko construction",MERGE,33132,"SEKO Construction (Vancouver) Ltd",GC,4,1,15173,"Seko Construction Ltd",GC,8,Low,"join=EXACT; BIZNUM-CONFLICT(818630733 vs 855527404); loser-suppressed"
"snohetta dialog",MERGE,69830,"Snohetta + DIALOG (JV)",Architect,6,2,69622,"Snohetta + DIALOG",Architect,6,High,"join=EXACT; loser-suppressed"
"cervus contractors equipment",MERGE,4635,"Cervus Contractors Equipment (Bobcat of Calgary)",GC,3,0,4634,"CERVUS CONTRACTORS EQUIPMENT",GC,9,High,"join=EXACT; loser-suppressed"
"stony valley",MERGE,16129,"Stony Valley Contracting Ltd. (Stony Valley Contracting Ltd.)",GC,4,1,16128,"Stony Valley Contracting Ltd.",GC,8,High,"join=EXACT; loser-suppressed"
"fraser region aboriginal friendship centre association",MERGE,71009,"Fraser Region Aboriginal Friendship Centre Association (FRAFCA)",Buyer,4,1,69335,"Fraser Region Aboriginal Friendship Centre Association",Buyer,8,High,"join=EXACT; loser-suppressed"
"shanghai construction",MERGE,71742,"Shanghai Construction (Canada) Group",GC,3,1,15272,"Shanghai Construction Group (Canada) Corporation",GC,9,High,"join=EXACT; loser-suppressed"
"sun rivers",MERGE,69744,"Sun Rivers Development Corporation",Buyer,6,2,54995,"Sun Rivers Development Corporation (SRDC)",Developer,6,High,"join=EXACT; loser-suppressed"
"alberni clayoquot regional district",MERGE,71273,"Alberni-Clayoquot Regional District",Buyer,4,0,70321,"Alberni-Clayoquot Regional District (ACRD)",Buyer,7,High,"join=EXACT; loser-suppressed"
"saucier perrotte",MERGE,74118,"Saucier + Perrotte",Architect,3,0,68818,"Saucier + Perrotte (with Stantec)",Architect,8,High,"join=EXACT; loser-suppressed"
"insights learning and",MERGE,58849,"Insights Learning and Development (Canada) Ltd.",Developer,4,1,60821,"Insights Learning and Development",Developer,6,High,"join=EXACT; loser-suppressed"
"kiewit construction services",MERGE,10325,"Kiewit Construction Services ULC",GC,3,1,71604,"Kiewit Construction Services ULC (Burnaby, BC)",GC,7,High,"join=EXACT; loser-suppressed"
"pillar contracting",MERGE,13422,"Pillar Contracting Ltd. (of Lamont, AB)",GC,3,0,13421,"Pillar Contracting Ltd",GC,7,High,"join=EXACT; loser-suppressed"
"enterprise holdings",MERGE,7006,"Enterprise Holdings Inc. (Enterprise Rent-A-Car)",Developer,3,0,7005,"Enterprise Holdings Inc",Developer,7,High,"join=EXACT; loser-suppressed"
"pgh consulting services",MERGE,70821,"PGH Consulting Services Ltd. (design-build architect)",Architect,4,1,69276,"PGH Consulting Services",GC,6,High,"join=EXACT; loser-suppressed"
"sdae development",MERGE,32683,"SDAE Development (Canada) Co. Ltd.",Developer,6,1,70906,"SDAE Development Co.",Buyer,4,High,"join=EXACT; loser-suppressed"
"sprague rosser",MERGE,15834,"Sprague-Rosser Contracting Co. Ltd. (Sprague-Rosser Contracting)",GC,3,0,15833,"Sprague-Rosser Contracting Co. Ltd.",GC,7,High,"join=EXACT; loser-suppressed"
"infracon construction",MERGE,71794,"Infracon Construction Inc. (Infracon Prairies)",GC,4,0,44325,"INFRACON CONSTRUCTION INC",GC,6,High,"join=EXACT; loser-suppressed"
"chief construction",MERGE,4780,"Chief Construction Company Ltd. (General Contractor)",GC,4,0,4779,"Chief Construction Company Ltd.",GC,6,High,"join=EXACT; loser-suppressed"
"good brothers",MERGE,8284,"Good Brothers Construction Ltd",GC,4,1,8283,"Good Brothers Construction (2002) Ltd",GC,6,High,"join=EXACT; loser-suppressed"
"kwikwetlem first nation",MERGE,55026,"Kwikwetlem First Nation",Buyer,3,1,54991,"Kwikwetlem First Nation (Land Code)",Developer,7,High,"join=EXACT; loser-suppressed"
"wrd borger",MERGE,18632,"WRD Borger Construction (Contractor)",GC,3,0,18634,"WRD Borger Construction Ltd.",GC,7,High,"join=EXACT; loser-suppressed"
"mcnally contracting",MERGE,11569,"McNally Contracting",GC,3,0,11570,"McNally Contracting (2011) Ltd.",GC,7,High,"join=EXACT; loser-suppressed"
"pacific reach",MERGE,55078,"Pacific Reach Properties",Developer,4,2,30792,"Pacific Reach Properties Development",Developer,6,Low,"join=EXACT; BIZNUM-CONFLICT(837527720 vs 833241375); loser-suppressed"
"allied reit",MERGE,69316,"Allied REIT",Buyer,4,1,69444,"Allied REIT Properties",Buyer,5,High,"join=EXACT; loser-suppressed"
"legislative assembly",MERGE,889,"Legislative Assembly Office",Buyer,4,1,18871,"Legislative Assembly",Buyer,5,High,"join=EXACT; loser-suppressed"
"tech construction",MERGE,43838,"TECH CONSTRUCTION LIMITED",GC,4,1,50747,"TECH CONSTRUCTION (2012) LTD.",GC,5,High,"join=EXACT; loser-suppressed"
"sena solid waste holdings",MERGE,15195,"SENA Solid Waste Holdings Inc. (SENA Waste Services)",Developer,3,0,15194,"SENA Solid Waste Holdings Inc.",Developer,6,High,"join=EXACT; loser-suppressed"
"pwl partnership",MERGE,69843,"PWL Partnership (landscape concept renderings only)",Architect,4,1,71445,"PWL PARTNERSHIP LANDSCAPE ARCHITECTS INC.",Architect,5,High,"join=EXACT; loser-suppressed"
"g w cox",MERGE,7879,"G.W. Cox Construction Ltd. (general)",GC,3,0,7862,"G. W. Cox Construction (of Lethbridge, AB)",GC,3,High,"join=EXACT; loser-suppressed"
"g w cox",MERGE,7880,"G.W. Cox Construction Ltd. (of Lethbridge, AB)",GC,3,0,7862,"G. W. Cox Construction (of Lethbridge, AB)",GC,3,High,"join=EXACT; loser-suppressed"
"mcrobie architects interior",MERGE,67962,"MCROBIE ARCHITECTS & INTERIOR DESIGNERS INC.",Architect,4,1,67852,"MCROBIE ARCHITECTS & INTERIOR",Architect,5,High,"join=EXACT; loser-suppressed"
"evi holdings",MERGE,7205,"EVI Holdings Inc.",Developer,3,0,7204,"EVI Holdings INC (Echo Valley Irrigation)",Developer,5,High,"join=EXACT; loser-suppressed"
"sn hetta dialog",MERGE,68794,"Snøhetta + DIALOG (JV)",Architect,4,1,69295,"Snøhetta + DIALOG",Architect,4,High,"join=EXACT; loser-suppressed"
"wesbridge construction",MERGE,18184,"Wesbridge Construction Limited (of Lethbridge, AB)",GC,3,0,18183,"wesbridge Construction",GC,5,High,"join=EXACT; loser-suppressed"
"jesco electrical",MERGE,9960,"JESCO Electrical Contractors Ltd. (JESCO Electrical Contractors Ltd.)",GC,3,0,9959,"JESCO Electrical Contractors Ltd.",GC,5,High,"join=EXACT; loser-suppressed"
"vancouver resource society",MERGE,70782,"Vancouver Resource Society (VRS Communities)",Buyer,4,1,54522,"Vancouver Resource Society",Buyer,4,High,"join=EXACT; loser-suppressed"
"upa construction",MERGE,17628,"UPA Construction (AB) Ltd.",GC,3,1,29632,"UPA Construction Group (BC) Ltd",GC,5,Low,"join=EXACT; BIZNUM-CONFLICT(842937716 vs 830859864); loser-suppressed"
"wells construction division of lafarge",MERGE,18177,"Wells Construction, Division of Lafarge Inc.",GC,3,0,18175,"Wells Construction, Division of Lafarge Canada Inc.",GC,5,High,"join=EXACT; loser-suppressed"
"elite construction",MERGE,51935,"ELITE CONSTRUCTION INC",GC,3,1,6830,"Elite Construction Interiors Inc",GC,4,High,"join=EXACT; loser-suppressed"
"molnar group",MERGE,22258,"The Molnar Group (Real Estate) Inc",Developer,4,1,54734,"Molnar Group",Developer,3,High,"join=EXACT; loser-suppressed"
"laforce construction",MERGE,71605,"Laforce Construction (1984) Ltd. (Alberta)",GC,3,0,10640,"Laforce Construction (1984) Ltd.",GC,4,High,"join=EXACT; loser-suppressed"
"circle square",MERGE,51738,"CIRCLE SQUARE CONSTRUCTION LTD",GC,3,0,29433,"CIRCLE SQUARE DEVELOPMENTS LTD",Developer,4,High,"join=EXACT; loser-suppressed"
"various",MERGE,72224,"Various (part of design-build contracts)",Architect,2,0,17746,"various",Vendor,3,High,"join=EXACT; loser-suppressed"
"various",MERGE,72262,"Various (per developer)",Architect,2,0,17746,"various",Vendor,3,High,"join=EXACT; loser-suppressed"
"western recreation",MERGE,18318,"Western Recreation & Development Inc",Developer,3,0,18319,"Western Recreation & Development Inc (Pool, Waterslide, Spray Park Contractor)",Developer,4,High,"join=EXACT; loser-suppressed"
"western bioenergy",MERGE,54283,"Western Bioenergy Inc. (subsidiary of Dalkia Canada)",Developer,3,0,53885,"Western Bioenergy Inc.",Buyer,4,High,"join=EXACT; loser-suppressed"
"abaca landscaping",MERGE,32206,"ABACA Landscaping & Construction Consulting Ltd",GC,3,0,32204,"Abaca Landscaping & Construction Ltd.",GC,4,High,"join=EXACT; loser-suppressed"
"uniglobe construction management",MERGE,17532,"Uniglobe Construction & Management Inc.",GC,3,0,17531,"UNIGLOBE CONSTRUCTION & MANAGEMENT (GENERAL CONTACTOR)",GC,4,High,"join=EXACT; loser-suppressed"
"stober group",MERGE,54738,"The Stober Group",Developer,3,1,70564,"Stober Group",Buyer,4,High,"join=EXACT; loser-suppressed"
"w a p fernando",MERGE,46260,"W.A.P Fernando Construction Company(Pvt)Ltd",GC,3,0,45837,"W.A.P Fernando Construction Company",GC,4,High,"join=EXACT; loser-suppressed"
"revive construction",MERGE,14387,"Revive Construction Inc.",GC,3,1,71755,"Revive Construction (Alberta)",GC,4,High,"join=EXACT; loser-suppressed"
"hybrid construction",MERGE,47291,"The Hybrid Construction Group Ltd.",GC,3,0,41242,"HYBRID CONSTRUCTION",GC,4,High,"join=EXACT; loser-suppressed"
"dew engineering and",MERGE,63159,"DEW Engineering and Development ULC",Developer,3,1,49242,"DEW ENGINEERING AND",Competitor,4,High,"join=EXACT; loser-suppressed"
"westcan acs",MERGE,18250,"WESTCAN-ACS (trunked, SCADA, two-way, broadband, microwave, engineering & design)",Competitor,3,0,18249,"WESTCAN-ACS (Communications: wireless engineering, SCADA, towers, two-way, broadband, microwave)",Competitor,3,High,"join=EXACT; loser-suppressed"
"information engineering",MERGE,9448,"Information Engineering Group Inc. (of Montreal, PQ)",Competitor,3,0,9447,"Information Engineering Group (IEG)",Competitor,3,High,"join=EXACT; loser-suppressed"
"true north",MERGE,51595,"TRUE NORTH PROPERTIES GROUP LTD",Developer,3,0,71967,"True North Engineering Ltd.",Competitor,3,High,"join=EXACT; loser-suppressed"
"le roux road",MERGE,10770,"Le Roux Road Construction Ltd. (Jetpatcher Alberta)",GC,3,0,10769,"Le Roux Road Construction Ltd.",GC,3,High,"join=EXACT; loser-suppressed"
"orca west",MERGE,53950,"Orca West Developments Ltd.",Developer,3,1,69810,"Orca West Development",Buyer,3,High,"join=EXACT; loser-suppressed"
"van rooyen",MERGE,71695,"Van Rooyen Construction (Alberta) Ltd (Alberta)",GC,3,0,17725,"Van Rooyen Construction (Alberta) Ltd",GC,3,High,"join=EXACT; loser-suppressed"
"beedie living",MERGE,72247,"Beedie Living",Developer,2,1,28694,"Beedie Living Construction Ltd.",GC,4,Low,"join=EXACT; BIZNUM-CONFLICT(812056646 vs 734183015); loser-suppressed"
"darwin construction",MERGE,72222,"Darwin Construction",GC,2,0,30386,"Darwin Construction (Canada) Ltd",GC,4,High,"join=EXACT"
"manshield construction",MERGE,11303,"Manshield Construction (General Contractor)",GC,3,0,11301,"Manshield (ALTA) Construction",GC,3,High,"join=EXACT; loser-suppressed"
"keegan holdings",MERGE,10233,"Keegan Holdings Ltd. (Bath Fitter)",Developer,3,0,10232,"Keegan Holdings Ltd.",Developer,3,High,"join=EXACT; loser-suppressed"
"prairie view holdings",MERGE,13627,"Prairie View Holdings Ltd (Budget Rent a Car of Calgary)",Developer,3,0,13626,"Prairie View Holdings Ltd",Developer,3,High,"join=EXACT; loser-suppressed"
"unitech construction management",MERGE,71905,"Unitech Construction Management Alberta Ltd",GC,3,1,70562,"Unitech Construction Management Ltd.",GC,3,High,"join=EXACT; loser-suppressed"
"not separately identified",MERGE,72183,"Not separately identified",Architect,2,0,72180,"Not separately identified (EllisDon design-build)",Architect,2,High,"join=EXACT"
"not separately identified",MERGE,72423,"Not separately identified (likely within Zeidler's integrated team or Bird Construction's sub-consultant scope)",Competitor,1,0,72180,"Not separately identified (EllisDon design-build)",Architect,2,High,"join=EXACT; loser-suppressed"
"strategic it telecom unit",RETIRE_JV,401,"Strategic / IT / Telecom Unit",Buyer,187,3,,,,,Review,"slash-joined JV row; linkWeight=187; project artifact, retire not merge"
"wow properties mom homes mom homes",RETIRE_JV,20140,"Wow Properties & Mom Homes / MOM Homes Inc.",Developer,106,0,,,,,Review,"slash-joined JV row; linkWeight=106; project artifact, retire not merge"
"gurinder rakkar astec",RETIRE_JV,21569,"Gurinder Rakkar / Astec Development Ltd.",Developer,84,0,,,,,Review,"slash-joined JV row; linkWeight=84; project artifact, retire not merge"
"architecture49 patkau",RETIRE_JV,74115,"Architecture49 / Patkau Architects",Architect,70,3,,,,,Review,"slash-joined JV row; linkWeight=70; project artifact, retire not merge"
"holmes solutions holmes us",RETIRE_JV,73738,"Holmes Solutions / Holmes US",Competitor,39,3,,,,,Review,"slash-joined JV row; linkWeight=39; project artifact, retire not merge"
"patrick chue p y chue",RETIRE_JV,19319,"Patrick Chue / P Y Chue Construction",GC,36,0,,,,,Review,"slash-joined JV row; linkWeight=36; project artifact, retire not merge"
"acton ostry architects bbb",RETIRE_JV,54253,"Acton Ostry Architects/ BBB Architects",Architect,36,2,,,,,Review,"slash-joined JV row; linkWeight=36; project artifact, retire not merge"
"wam development group aimco",RETIRE_JV,53270,"WAM Development Group / AIMCo",Developer,32,3,,,,,Review,"slash-joined JV row; linkWeight=32; project artifact, retire not merge"
"le consortium d architectes jbca st",RETIRE_JV,66166,"Le Consortium d'Architectes JBCA/ST",Architect,28,0,,,,,Review,"slash-joined JV row; linkWeight=28; project artifact, retire not merge"
"clark kjos",RETIRE_JV,68876,"Clark/Kjos Architects",Architect,24,3,,,,,Review,"slash-joined JV row; linkWeight=24; project artifact, retire not merge"
"katz group wam",RETIRE_JV,53422,"Katz Group / WAM Development Group",Developer,22,2,,,,,Review,"slash-joined JV row; linkWeight=22; project artifact, retire not merge"
"perkins will schmidt hammer lassen",RETIRE_JV,69234,"Perkins&Will / Schmidt Hammer Lassen Architects",Architect,22,5,,,,,Review,"slash-joined JV row; linkWeight=22; project artifact, retire not merge"
"slokker homes slokker canada west",RETIRE_JV,74155,"Slokker Homes / Slokker Canada West",Developer,21,1,,,,,Review,"slash-joined JV row; linkWeight=21; project artifact, retire not merge"
"school district 71 bgc central vancouver island",RETIRE_JV,69991,"School District 71 (Comox Valley) / BGC Central Vancouver Island",Buyer,20,2,,,,,Review,"slash-joined JV row; linkWeight=20; project artifact, retire not merge"
"arthur erickson musson cattell mackey",RETIRE_JV,69787,"Arthur Erickson / Musson Cattell Mackey Partnership",Architect,20,3,,,,,Review,"slash-joined JV row; linkWeight=20; project artifact, retire not merge"
"davidson yuen simpson rositch hemphill",RETIRE_JV,54334,"Davidson Yuen Simpson/Rositch Hemphill & Associates",Architect,18,1,,,,,Review,"slash-joined JV row; linkWeight=18; project artifact, retire not merge"
"enmax energy corp capital power",RETIRE_JV,53263,"ENMAX Energy Corp. / Capital Power Corp.",Buyer,18,1,,,,,Review,"slash-joined JV row; linkWeight=18; project artifact, retire not merge"
"fraser health infrastructure",RETIRE_JV,69032,"Fraser Health / Infrastructure BC",Buyer,18,2,,,,,Review,"slash-joined JV row; linkWeight=18; project artifact, retire not merge"
"harvinder dhinsa nucasa",RETIRE_JV,20821,"Harvinder Dhinsa / Nucasa Developments",Developer,18,0,,,,,Review,"slash-joined JV row; linkWeight=18; project artifact, retire not merge"
"abid mohammad national design",RETIRE_JV,21581,"Abid Mohammad / National Design Builders",GC,18,0,,,,,Review,"slash-joined JV row; linkWeight=18; project artifact, retire not merge"
"arcadis professional services inc arcadis",RETIRE_JV,71510,"Arcadis Professional Services (Canada) Inc./Arcadis Architects (Canada) Inc.",Architect,17,1,,,,,Review,"slash-joined JV row; linkWeight=17; project artifact, retire not merge"
"chernoff thompson architects b h",RETIRE_JV,71463,"Chernoff Thompson Architects / B+H Architects",Architect,17,4,,,,,Review,"slash-joined JV row; linkWeight=17; project artifact, retire not merge"
"ibi group arcadis",RETIRE_JV,71480,"IBI Group / Arcadis",Architect,17,3,,,,,Review,"slash-joined JV row; linkWeight=17; project artifact, retire not merge"
"taylor hazell",RETIRE_JV,50826,"TAYLOR/HAZELL ARCHITECTS LTD.",Architect,16,1,,,,,Review,"slash-joined JV row; linkWeight=16; project artifact, retire not merge"
"cei architecture architect for expanded revived phases not publicly confirmed",RETIRE_JV,69948,"CEI Architecture (original phase); architect for expanded/revived phases not publicly confirmed",Architect,16,2,,,,,Review,"slash-joined JV row; linkWeight=16; project artifact, retire not merge"
"parkin architects ltd kasian",RETIRE_JV,71476,"Parkin Architects Ltd. / Kasian Architecture",Architect,16,3,,,,,Review,"slash-joined JV row; linkWeight=16; project artifact, retire not merge"
"venerable dharma master heng jung c o master jin shu hean chiang khim chan",RETIRE_JV,204,"Venerable Dharma Master Heng Jung c/o Master Jin Shu / Hean Chiang / Khim Chan",KorClient,16,3,,,,,Review,"slash-joined JV row; linkWeight=16; project artifact, retire not merge"
"chernoff thompson architects jcta",RETIRE_JV,69773,"Chernoff Thompson Architects (CTA) / JCTA",Architect,15,4,,,,,Review,"slash-joined JV row; linkWeight=15; project artifact, retire not merge"
"katherine gordon nexus",RETIRE_JV,25136,"Katherine Gordon / Nexus Construction",GC,14,0,,,,,Review,"slash-joined JV row; linkWeight=14; project artifact, retire not merge"
"gorf manufacturing",RETIRE_JV,41930,"Gorf Manufacturing/Contracting Ltd.",GC,14,1,,,,,Review,"slash-joined JV row; linkWeight=14; project artifact, retire not merge"
"tbp architecture",RETIRE_JV,74056,"tBP/Architecture",Architect,14,1,,,,,Review,"slash-joined JV row; linkWeight=14; project artifact, retire not merge"
"bosa properties kingswood",RETIRE_JV,54232,"Bosa Properties/Kingswood Properties",Developer,13,1,,,,,Review,"slash-joined JV row; linkWeight=13; project artifact, retire not merge"
"bc children s hospital foundation phsa",RETIRE_JV,72196,"BC Children's Hospital Foundation / PHSA",Buyer,12,1,,,,,Review,"slash-joined JV row; linkWeight=12; project artifact, retire not merge"
"architect designer",RETIRE_JV,28302,"Architect/Designer",Architect,12,0,,,,,Review,"slash-joined JV row; linkWeight=12; project artifact, retire not merge"
"mst development corporation canada lands",RETIRE_JV,55012,"MST Development Corporation + Canada Lands Company",Developer,12,1,,,,,Review,"slash-joined JV row; linkWeight=12; project artifact, retire not merge"
"diamond schmitt david nairne",RETIRE_JV,71485,"Diamond Schmitt / David Nairne + Associates",Architect,12,3,,,,,Review,"slash-joined JV row; linkWeight=12; project artifact, retire not merge"
"calgary sports entertainment corp city of calgary cmlc",RETIRE_JV,68785,"Calgary Sports & Entertainment Corp / City of Calgary / CMLC",Buyer,11,2,,,,,Review,"slash-joined JV row; linkWeight=11; project artifact, retire not merge"
"government of alberta ahs",RETIRE_JV,72049,"Government of Alberta (Alberta Infrastructure) / AHS",Buyer,11,0,,,,,Review,"slash-joined JV row; linkWeight=11; project artifact, retire not merge"
"new empire design build",RETIRE_JV,47416,"NEW EMPIRE DESIGN/BUILD CONTRACTORS LTD",GC,11,0,,,,,Review,"slash-joined JV row; linkWeight=11; project artifact, retire not merge"
"greenleaf restoration arc electric",RETIRE_JV,51159,"GREENLEAF RESTORATION/ARC ELECTRIC",GC,11,0,,,,,Review,"slash-joined JV row; linkWeight=11; project artifact, retire not merge"
"aquilini development aquilini",RETIRE_JV,55047,"Aquilini Development / Aquilini Group",Developer,11,2,,,,,Review,"slash-joined JV row; linkWeight=11; project artifact, retire not merge"
"omicron city of",RETIRE_JV,54512,"Omicron/City of Burnaby",Buyer,10,1,,,,,Review,"slash-joined JV row; linkWeight=10; project artifact, retire not merge"
"itc construction century",RETIRE_JV,53831,"ITC Construction/ Century Group",GC,10,1,,,,,Review,"slash-joined JV row; linkWeight=10; project artifact, retire not merge"
"abm food services bc restaurant",RETIRE_JV,24315,"ABM Food Services/ BC restaurant builders",GC,10,0,,,,,Review,"slash-joined JV row; linkWeight=10; project artifact, retire not merge"
"squamish nation hiyam housing society",RETIRE_JV,71320,"Squamish Nation / Hiyam Housing Society",Buyer,9,1,,,,,Review,"slash-joined JV row; linkWeight=9; project artifact, retire not merge"
"city of portland portland permitting development bureau of development services",RETIRE_JV,73734,"City of Portland — Portland Permitting & Development (PP&D) / Bureau of Development Services",Buyer,9,1,,,,,Review,"slash-joined JV row; linkWeight=9; project artifact, retire not merge"
"acadian construction",RETIRE_JV,50063,"Acadian Construction (1991) Ltd./",GC,8,0,,,,,Review,"slash-joined JV row; linkWeight=8; project artifact, retire not merge"
"general contractors electricians",RETIRE_JV,29393,"General Contractors/Electricians",GC,8,1,,,,,Review,"slash-joined JV row; linkWeight=8; project artifact, retire not merge"
"katz group edmonton arena district",RETIRE_JV,68789,"Katz Group / Edmonton Arena District",Developer,8,1,,,,,Review,"slash-joined JV row; linkWeight=8; project artifact, retire not merge"
"westbank aimco allied",RETIRE_JV,68800,"Westbank / AIMCo / Allied",Developer,8,1,,,,,Review,"slash-joined JV row; linkWeight=8; project artifact, retire not merge"
"silverbirch hotels and resorts marriott",RETIRE_JV,53448,"Silverbirch Hotels and Resorts / Marriott",Developer,8,1,,,,,Review,"slash-joined JV row; linkWeight=8; project artifact, retire not merge"
"ice district stantec",RETIRE_JV,68803,"ICE District / Stantec",Developer,8,1,,,,,Review,"slash-joined JV row; linkWeight=8; project artifact, retire not merge"
"khowutzun development corporation bc builds",RETIRE_JV,55035,"Khowutzun Development Corporation (KDLLP) + BC Builds",Developer,8,2,,,,,Review,"slash-joined JV row; linkWeight=8; project artifact, retire not merge"
"alberta transportation city of",RETIRE_JV,68806,"Alberta Transportation / City of Calgary",Buyer,8,1,,,,,Review,"slash-joined JV row; linkWeight=8; project artifact, retire not merge"
"groupe germain hospitalite homes by avi",RETIRE_JV,53267,"Groupe Germain Hospitalite / Homes by Avi",Buyer,8,1,,,,,Review,"slash-joined JV row; linkWeight=8; project artifact, retire not merge"
"beacon private",RETIRE_JV,68823,"Beacon / private",Developer,8,1,,,,,Review,"slash-joined JV row; linkWeight=8; project artifact, retire not merge"
"ravi sandhu ravi",RETIRE_JV,20289,"Ravi Sandhu / Ravi Construction",GC,8,0,,,,,Review,"slash-joined JV row; linkWeight=8; project artifact, retire not merge"
"platt whitelaw",RETIRE_JV,68909,"Platt/Whitelaw Architects",Architect,8,2,,,,,Review,"slash-joined JV row; linkWeight=8; project artifact, retire not merge"
"saucier perrotte stantec",RETIRE_JV,68900,"Saucier + Perrotte + Stantec",Architect,7,2,,,,,Review,"slash-joined JV row; linkWeight=7; project artifact, retire not merge"
"james km cheng architects adamson",RETIRE_JV,69251,"James KM Cheng Architects / Adamson Associates Architects",Architect,7,3,,,,,Review,"slash-joined JV row; linkWeight=7; project artifact, retire not merge"
"cenovus h r reit",RETIRE_JV,68798,"Cenovus / H&R REIT (orig. EnCana)",Developer,7,1,,,,,Review,"slash-joined JV row; linkWeight=7; project artifact, retire not merge"
"perkins will kpmb",RETIRE_JV,69260,"Perkins&Will / KPMB Architects",Architect,7,3,,,,,Review,"slash-joined JV row; linkWeight=7; project artifact, retire not merge"
"pickard chilton skb",RETIRE_JV,68737,"Pickard Chilton / SkB Architects",Architect,7,2,,,,,Review,"slash-joined JV row; linkWeight=7; project artifact, retire not merge"
"genstar development co limited madison",RETIRE_JV,54116,"Genstar Development Co Limited/Madison Group",Developer,7,2,,,,,Review,"slash-joined JV row; linkWeight=7; project artifact, retire not merge"
"nait government of",RETIRE_JV,68807,"NAIT / Government of Alberta",Developer,7,1,,,,,Review,"slash-joined JV row; linkWeight=7; project artifact, retire not merge"
"alexander manor holdings jta",RETIRE_JV,55119,"Alexander Manor Holdings / JTA Development Consultants",Developer,7,2,,,,,Review,"slash-joined JV row; linkWeight=7; project artifact, retire not merge"
"greyback construction greyback",RETIRE_JV,55053,"Greyback Construction / Greyback Developments",GC,7,3,,,,,Review,"slash-joined JV row; linkWeight=7; project artifact, retire not merge"
"oma lmn",RETIRE_JV,68727,"OMA / LMN Architects",Architect,7,2,,,,,Review,"slash-joined JV row; linkWeight=7; project artifact, retire not merge"
"ausenco associated",RETIRE_JV,71040,"Ausenco / Associated Engineering",Competitor,7,1,,,,,Review,"slash-joined JV row; linkWeight=7; project artifact, retire not merge"
"five mile holdings jta",RETIRE_JV,55113,"Five Mile Holdings / JTA Development Consultants",Developer,7,2,,,,,Review,"slash-joined JV row; linkWeight=7; project artifact, retire not merge"
"hillwood investment properties highfield investment",RETIRE_JV,53266,"Hillwood Investment Properties / Highfield Investment Group",Developer,7,1,,,,,Review,"slash-joined JV row; linkWeight=7; project artifact, retire not merge"
"alberta health services alberta infrastructure",RETIRE_JV,74166,"Alberta Health Services / Alberta Infrastructure",Buyer,6,0,,,,,Review,"slash-joined JV row; linkWeight=6; project artifact, retire not merge"
"teeple architects stantec",RETIRE_JV,71500,"Teeple Architects / Stantec",Architect,6,1,,,,,Review,"slash-joined JV row; linkWeight=6; project artifact, retire not merge"
"lasnier wallace construction inc wallace underpinning",RETIRE_JV,29243,"Lasnier Wallace Construction Inc./Wallace Underpinning",GC,6,1,,,,,Review,"slash-joined JV row; linkWeight=6; project artifact, retire not merge"
"designer general contractor",RETIRE_JV,34256,"Designer/General Contractor",GC,6,0,,,,,Review,"slash-joined JV row; linkWeight=6; project artifact, retire not merge"
"baljit vlm construction rakhra",RETIRE_JV,34932,"Baljit / VLM Construction Rakhra",GC,6,0,,,,,Review,"slash-joined JV row; linkWeight=6; project artifact, retire not merge"
"agecare tk eml ps te secw pemc interior health",RETIRE_JV,55033,"AgeCare + Tk̓emlúps te Secwépemc / Interior Health",Developer,6,1,,,,,Review,"slash-joined JV row; linkWeight=6; project artifact, retire not merge"
"north west redwater partnership north west upgrading",RETIRE_JV,53253,"North West Redwater Partnership (Canadian Natural Resources Ltd. (CNRL) / North West Upgrading Inc.)",Developer,6,1,,,,,Review,"slash-joined JV row; linkWeight=6; project artifact, retire not merge"
"king county uw medicine",RETIRE_JV,68735,"King County / UW Medicine",Developer,6,1,,,,,Review,"slash-joined JV row; linkWeight=6; project artifact, retire not merge"
"lucifers house of heat vancouver mist holdings",RETIRE_JV,26715,"lucifers house of heat/ vancouver mist holdings inc",Developer,6,1,,,,,Review,"slash-joined JV row; linkWeight=6; project artifact, retire not merge"
"alberta infrastructure covenant health",RETIRE_JV,72437,"Alberta Infrastructure / Covenant Health",Buyer,6,0,,,,,Review,"slash-joined JV row; linkWeight=6; project artifact, retire not merge"
"transalta midamerican energy holdings",RETIRE_JV,53476,"TransAlta / MidAmerican Energy Holdings",Developer,6,1,,,,,Review,"slash-joined JV row; linkWeight=6; project artifact, retire not merge"
"perkins will baker mcgarva hart",RETIRE_JV,71116,"Perkins+Will (Brentwood, Gilmore) / Baker McGarva Hart Architects (Renfrew, Rupert)",Architect,6,1,,,,,Review,"slash-joined JV row; linkWeight=6; project artifact, retire not merge"
"bosa development embassy",RETIRE_JV,53311,"Bosa Development / Embassy Development",Developer,6,1,,,,,Review,"slash-joined JV row; linkWeight=6; project artifact, retire not merge"
"concert properties peterson",RETIRE_JV,54915,"Concert Properties / Peterson Group",Developer,6,1,,,,,Review,"slash-joined JV row; linkWeight=6; project artifact, retire not merge"
"jta development consultants cypress apartments",RETIRE_JV,55107,"JTA Development Consultants / Cypress Apartments",Developer,6,2,,,,,Review,"slash-joined JV row; linkWeight=6; project artifact, retire not merge"
"nch ay development corporation hiy m housing",RETIRE_JV,55020,"Nch'ḵay̓ Development Corporation + Hiy̓ám̓ Housing",Developer,5,1,,,,,Review,"slash-joined JV row; linkWeight=5; project artifact, retire not merge"
"aryze developments telus",RETIRE_JV,54902,"Aryze Developments/ Telus",Developer,5,1,,,,,Review,"slash-joined JV row; linkWeight=5; project artifact, retire not merge"
"w5 arbutus holdings mondivan",RETIRE_JV,55114,"W5 Arbutus Holdings / Mondivan Properties Corporation",Developer,5,2,,,,,Review,"slash-joined JV row; linkWeight=5; project artifact, retire not merge"
"westbank projects corp crombie reit",RETIRE_JV,54474,"Westbank Projects Corp./ Crombie REIT",Developer,5,1,,,,,Review,"slash-joined JV row; linkWeight=5; project artifact, retire not merge"
"westbank projects corp city of",RETIRE_JV,54061,"Westbank Projects Corp./ City of Vancouver",Buyer,5,2,,,,,Review,"slash-joined JV row; linkWeight=5; project artifact, retire not merge"
"north american development group kerkhoff",RETIRE_JV,54449,"North American Development Group/ Kerkhoff Construction",Developer,5,0,,,,,Review,"slash-joined JV row; linkWeight=5; project artifact, retire not merge"
"brivia group henson",RETIRE_JV,54784,"Brivia Group/ Henson Developments",Developer,5,1,,,,,Review,"slash-joined JV row; linkWeight=5; project artifact, retire not merge"
"mst development corporation aquilini",RETIRE_JV,55017,"MST Development Corporation + Aquilini Development",Developer,5,1,,,,,Review,"slash-joined JV row; linkWeight=5; project artifact, retire not merge"
"island health authority providence living",RETIRE_JV,54799,"Island Health/ Authority Providence Living",Developer,5,1,,,,,Review,"slash-joined JV row; linkWeight=5; project artifact, retire not merge"
"tollestrup construction inc maverick concrete",RETIRE_JV,17084,"Tollestrup Construction (2005) Inc. / Maverick Concrete Ltd.",GC,5,0,,,,,Review,"slash-joined JV row; linkWeight=5; project artifact, retire not merge"
"marriott international new",RETIRE_JV,53415,"Marriott International / New Urban",Developer,5,1,,,,,Review,"slash-joined JV row; linkWeight=5; project artifact, retire not merge"
"fraser health authority bc cancer",RETIRE_JV,72185,"Fraser Health Authority / BC Cancer (PHSA)",Buyer,5,0,,,,,Review,"slash-joined JV row; linkWeight=5; project artifact, retire not merge"
"tsuut ina nation tsuut ina development authority",RETIRE_JV,73946,"Tsuut'ina Nation / Tsuut'ina Development Authority",Buyer,5,1,,,,,Review,"slash-joined JV row; linkWeight=5; project artifact, retire not merge"
"chinook foundation alberta social housing",RETIRE_JV,53265,"Chinook Foundation/ Alberta Social Housing Corp.",Buyer,5,1,,,,,Review,"slash-joined JV row; linkWeight=5; project artifact, retire not merge"
"wamdevelopment group walton development and management",RETIRE_JV,53434,"WamDevelopment Group / Walton Development and Management",Developer,5,1,,,,,Review,"slash-joined JV row; linkWeight=5; project artifact, retire not merge"
"artists urban village arts habitat",RETIRE_JV,53442,"Artists Urban Village / Arts Habitat Edmonton",Developer,5,1,,,,,Review,"slash-joined JV row; linkWeight=5; project artifact, retire not merge"
"field engineering associates roger field",RETIRE_JV,7392,"Field Engineering & Associates / Roger Field Architect Corporation",Architect,5,1,,,,,Review,"slash-joined JV row; linkWeight=5; project artifact, retire not merge"
"restaurant office owner",RETIRE_JV,70959,"Restaurant/Office Owner",Buyer,4,1,,,,,Review,"slash-joined JV row; linkWeight=4; project artifact, retire not merge"
"bloom group nicholson housing society",RETIRE_JV,55118,"The Bloom Group / Nicholson Housing Society",Buyer,4,2,,,,,Review,"slash-joined JV row; linkWeight=4; project artifact, retire not merge"
"strand development locarno",RETIRE_JV,71042,"Strand Development / Locarno",Buyer,4,2,,,,,Review,"slash-joined JV row; linkWeight=4; project artifact, retire not merge"
"tomo spaces golden",RETIRE_JV,71010,"Tomo Spaces / Golden Properties Ltd.",Buyer,4,1,,,,,Review,"slash-joined JV row; linkWeight=4; project artifact, retire not merge"
"beedie group mec mountain equipment",RETIRE_JV,71006,"Beedie Group (owner) / MEC Mountain Equipment Company (tenant)",Buyer,4,1,,,,,Review,"slash-joined JV row; linkWeight=4; project artifact, retire not merge"
"mcc legacy trust pacific centre for discipleship",RETIRE_JV,71003,"MCC Legacy Trust / Pacific Centre for Discipleship (PCDA)",Buyer,4,1,,,,,Review,"slash-joined JV row; linkWeight=4; project artifact, retire not merge"
"jta development consultants tkt holdings",RETIRE_JV,55120,"JTA Development Consultants / TKT Holdings",Developer,4,1,,,,,Review,"slash-joined JV row; linkWeight=4; project artifact, retire not merge"
"community land trust vancouver affordable housing agency",RETIRE_JV,70979,"Community Land Trust / Vancouver Affordable Housing Agency",Buyer,4,1,,,,,Review,"slash-joined JV row; linkWeight=4; project artifact, retire not merge"
"seattle center oak view",RETIRE_JV,68714,"Seattle Center / Oak View Group",Developer,4,1,,,,,Review,"slash-joined JV row; linkWeight=4; project artifact, retire not merge"
"shared services bc provincial court of",RETIRE_JV,71056,"Shared Services BC / Provincial Court of BC",Buyer,4,1,,,,,Review,"slash-joined JV row; linkWeight=4; project artifact, retire not merge"
"ohsu ous psu",RETIRE_JV,68729,"OHSU / OUS / PSU",Developer,4,1,,,,,Review,"slash-joined JV row; linkWeight=4; project artifact, retire not merge"
"wright runstad company shorenstein",RETIRE_JV,68731,"Wright Runstad & Company / Shorenstein",Developer,4,1,,,,,Review,"slash-joined JV row; linkWeight=4; project artifact, retire not merge"
"community land trust foundation of bc vaha",RETIRE_JV,70977,"Community Land Trust Foundation of BC / VAHA",Buyer,4,1,,,,,Review,"slash-joined JV row; linkWeight=4; project artifact, retire not merge"
"moriyama teshima architects carscadden stokes mcdonald",RETIRE_JV,70974,"Moriyama Teshima Architects / Carscadden Stokes McDonald Architects",Architect,4,2,,,,,Review,"slash-joined JV row; linkWeight=4; project artifact, retire not merge"
"provencher roy associes architectes",RETIRE_JV,56314,"PROVENCHER ROY + ASSOCIES ARCHITECTES INC.",Architect,4,0,,,,,Review,"slash-joined JV row; linkWeight=4; project artifact, retire not merge"
"taholah school district quinault indian nation",RETIRE_JV,70486,"Taholah School District / Quinault Indian Nation",Buyer,4,1,,,,,Review,"slash-joined JV row; linkWeight=4; project artifact, retire not merge"
"scdc city of",RETIRE_JV,55098,"SCDC / City of Surrey",Buyer,4,1,,,,,Review,"slash-joined JV row; linkWeight=4; project artifact, retire not merge"
"morphosis architects francl",RETIRE_JV,70957,"Morphosis Architects / Francl Architecture",Architect,4,2,,,,,Review,"slash-joined JV row; linkWeight=4; project artifact, retire not merge"
"nisga a nation rockies lng lp western lng",RETIRE_JV,54833,"Nisga’a Nation/ Rockies LNG LP/ Western LNG",Developer,4,1,,,,,Review,"slash-joined JV row; linkWeight=4; project artifact, retire not merge"
"kohn pedersen fox associates adamson",RETIRE_JV,54845,"Kohn Pedersen Fox Associates/Adamson Associates Architect",Architect,4,1,,,,,Review,"slash-joined JV row; linkWeight=4; project artifact, retire not merge"
"capital region housing corporation bc housing",RETIRE_JV,54867,"Capital Region Housing Corporation (CRHC) /BC Housing",Developer,4,1,,,,,Review,"slash-joined JV row; linkWeight=4; project artifact, retire not merge"
"alberta infrastructure recovery",RETIRE_JV,72434,"Alberta Infrastructure / Recovery Alberta",Buyer,4,0,,,,,Review,"slash-joined JV row; linkWeight=4; project artifact, retire not merge"
"mst development corporation aquilini",RETIRE_JV,55014,"MST Development Corporation + Aquilini Development (MSTA)",Developer,4,1,,,,,Review,"slash-joined JV row; linkWeight=4; project artifact, retire not merge"
"musqueam tsleil waututh aquilini",RETIRE_JV,55016,"Musqueam + Tsleil-Waututh + Aquilini Development",Developer,4,1,,,,,Review,"slash-joined JV row; linkWeight=4; project artifact, retire not merge"
"o a smg",RETIRE_JV,71813,"O/A SMG Builders (Alberta)",GC,4,1,,,,,Review,"slash-joined JV row; linkWeight=4; project artifact, retire not merge"
"musqueam capital corporation polygon homes",RETIRE_JV,55021,"Musqueam Capital Corporation + Polygon Homes",Developer,4,2,,,,,Review,"slash-joined JV row; linkWeight=4; project artifact, retire not merge"
"takaya developments aquilini",RETIRE_JV,55022,"Takaya Developments + Aquilini Group",Developer,4,2,,,,,Review,"slash-joined JV row; linkWeight=4; project artifact, retire not merge"
"penticton indian band development corporation greyback",RETIRE_JV,55029,"Penticton Indian Band Development Corporation + Greyback Construction",Developer,4,1,,,,,Review,"slash-joined JV row; linkWeight=4; project artifact, retire not merge"
"gibbs gage architects diamond schmitt",RETIRE_JV,71501,"Gibbs Gage Architects / Diamond Schmitt Architects",Architect,4,1,,,,,Review,"slash-joined JV row; linkWeight=4; project artifact, retire not merge"
"francis winspear centre for music edmonton symphony orchestra",RETIRE_JV,71196,"Francis Winspear Centre for Music / Edmonton Symphony Orchestra",Buyer,4,1,,,,,Review,"slash-joined JV row; linkWeight=4; project artifact, retire not merge"
"haisla nation pembina pipeline",RETIRE_JV,55039,"Haisla Nation + Pembina Pipeline Corporation",Buyer,4,2,,,,,Review,"slash-joined JV row; linkWeight=4; project artifact, retire not merge"
"squiala first nation property development group league assets",RETIRE_JV,55042,"Squiala First Nation + Property Development Group + League Assets",Buyer,4,1,,,,,Review,"slash-joined JV row; linkWeight=4; project artifact, retire not merge"
"k days northlands",RETIRE_JV,71192,"K-Days / Northlands Edmonton",Buyer,4,1,,,,,Review,"slash-joined JV row; linkWeight=4; project artifact, retire not merge"
"one properties revone westmount",RETIRE_JV,71181,"ONE Properties / REVOne Westmount LP",Buyer,4,1,,,,,Review,"slash-joined JV row; linkWeight=4; project artifact, retire not merge"
"cadillac fairview shape",RETIRE_JV,55092,"Cadillac Fairview / Shape Properties",Developer,4,1,,,,,Review,"slash-joined JV row; linkWeight=4; project artifact, retire not merge"
"pangman development corporation maclab development group john day",RETIRE_JV,71140,"Pangman Development Corporation / Maclab Development Group / John Day Developments",Buyer,4,1,,,,,Review,"slash-joined JV row; linkWeight=4; project artifact, retire not merge"
"bensen manufacturing danet",RETIRE_JV,70946,"Bensen Manufacturing / Danet Interiors",Buyer,4,2,,,,,Review,"slash-joined JV row; linkWeight=4; project artifact, retire not merge"
"reliance properties jim pattison",RETIRE_JV,70935,"Reliance Properties / Jim Pattison Developments",Buyer,4,2,,,,,Review,"slash-joined JV row; linkWeight=4; project artifact, retire not merge"
"james cheng architects musson cattell mackey partnership stantec",RETIRE_JV,70923,"James Cheng Architects / Musson Cattell Mackey Partnership / Stantec Architecture",Architect,4,1,,,,,Review,"slash-joined JV row; linkWeight=4; project artifact, retire not merge"
"l l wat nation l l wat business",RETIRE_JV,69384,"Líl̓wat Nation / Líl̓wat Business Group",Buyer,4,1,,,,,Review,"slash-joined JV row; linkWeight=4; project artifact, retire not merge"
"skidegate band council haida nation",RETIRE_JV,69385,"Skidegate Band Council / Haida Nation",Buyer,4,1,,,,,Review,"slash-joined JV row; linkWeight=4; project artifact, retire not merge"
"haisla nation haisla guxv housing society",RETIRE_JV,69389,"Haisla Nation / Haisla Guxv Housing Society",Buyer,4,2,,,,,Review,"slash-joined JV row; linkWeight=4; project artifact, retire not merge"
"gitxaa a nation prince rupert indigenous housing society",RETIRE_JV,69390,"Gitxaała Nation / Prince Rupert Indigenous Housing Society",Buyer,4,2,,,,,Review,"slash-joined JV row; linkWeight=4; project artifact, retire not merge"
"province of bc ministry of education",RETIRE_JV,69597,"Province of BC / Ministry of Education",Buyer,4,1,,,,,Review,"slash-joined JV row; linkWeight=4; project artifact, retire not merge"
"frame properties shelbourne dev",RETIRE_JV,70649,"Frame Properties / Shelbourne Dev Corp",Buyer,4,1,,,,,Review,"slash-joined JV row; linkWeight=4; project artifact, retire not merge"
"government of british columbia royal bc museum",RETIRE_JV,70633,"Government of British Columbia / Royal BC Museum",Buyer,4,1,,,,,Review,"slash-joined JV row; linkWeight=4; project artifact, retire not merge"
"cana mortenson",RETIRE_JV,69881,"CANA / Mortenson",GC,4,1,,,,,Review,"slash-joined JV row; linkWeight=4; project artifact, retire not merge"
"pheidias project management oberto oberti",RETIRE_JV,69896,"Pheidias Project Management / Oberto Oberti (architect-developer)",Architect,4,1,,,,,Review,"slash-joined JV row; linkWeight=4; project artifact, retire not merge"
"ho goon holdings inc metropolitan capital",RETIRE_JV,70619,"Ho Goon Holdings Inc / Metropolitan Capital Partners",Buyer,4,2,,,,,Review,"slash-joined JV row; linkWeight=4; project artifact, retire not merge"
"paul merrick merrick",RETIRE_JV,69971,"Paul Merrick / Merrick Architecture",Architect,4,2,,,,,Review,"slash-joined JV row; linkWeight=4; project artifact, retire not merge"
"boss developments cube project management",RETIRE_JV,70617,"Boss Developments / Cube Project Management Ltd",Buyer,4,2,,,,,Review,"slash-joined JV row; linkWeight=4; project artifact, retire not merge"
"city of duncan parkside academy child care society",RETIRE_JV,69990,"City of Duncan / Parkside Academy Child Care Society",Buyer,4,1,,,,,Review,"slash-joined JV row; linkWeight=4; project artifact, retire not merge"
"british pacific properties beedie living",RETIRE_JV,54810,"British Pacific Properties/ Beedie Living",Developer,4,1,,,,,Review,"slash-joined JV row; linkWeight=4; project artifact, retire not merge"
"eyameth health society sts ailes nation",RETIRE_JV,70026,"Eyameth' Health Society / Sts'ailes Nation",Buyer,4,2,,,,,Review,"slash-joined JV row; linkWeight=4; project artifact, retire not merge"
"summit community services society rocky mountain school district",RETIRE_JV,70067,"Summit Community Services Society / Rocky Mountain School District (SD6)",Buyer,4,1,,,,,Review,"slash-joined JV row; linkWeight=4; project artifact, retire not merge"
"bc children s hospital bc children s hospital foundation",RETIRE_JV,70069,"BC Children's Hospital / BC Children's Hospital Foundation",Buyer,4,1,,,,,Review,"slash-joined JV row; linkWeight=4; project artifact, retire not merge"
"community land trust co operative housing federation of",RETIRE_JV,70072,"Community Land Trust / Co-operative Housing Federation of BC",Buyer,4,1,,,,,Review,"slash-joined JV row; linkWeight=4; project artifact, retire not merge"
"peninsula recreation commission municipality of central saanich",RETIRE_JV,70333,"Peninsula Recreation Commission / Municipality of Central Saanich",Buyer,4,1,,,,,Review,"slash-joined JV row; linkWeight=4; project artifact, retire not merge"
"mclash development ltd 861 865 esquimalt road holdings",RETIRE_JV,70651,"McLash Development Ltd / 861-865 Esquimalt Road Holdings",Buyer,4,1,,,,,Review,"slash-joined JV row; linkWeight=4; project artifact, retire not merge"
"l l wat business group l l wat nation",RETIRE_JV,69383,"Líl̓wat Business Group / Líl̓wat Nation",Buyer,4,1,,,,,Review,"slash-joined JV row; linkWeight=4; project artifact, retire not merge"
"kanaka bar indian band lytton first nation",RETIRE_JV,69372,"Kanaka Bar Indian Band / Lytton First Nation (joint)",Buyer,4,1,,,,,Review,"slash-joined JV row; linkWeight=4; project artifact, retire not merge"
"splatsin development corporation splatsin first nation",RETIRE_JV,69368,"Splatsin Development Corporation / Splatsin First Nation",Buyer,4,2,,,,,Review,"slash-joined JV row; linkWeight=4; project artifact, retire not merge"
"nch kay development corporation westbank",RETIRE_JV,70915,"Nch'kay Development Corporation / Westbank",Buyer,4,2,,,,,Review,"slash-joined JV row; linkWeight=4; project artifact, retire not merge"
"mount pixel projects westbank",RETIRE_JV,70911,"Mount Pixel Projects / Westbank Corp.",Buyer,4,1,,,,,Review,"slash-joined JV row; linkWeight=4; project artifact, retire not merge"
"james k m cheng architects inc adamson",RETIRE_JV,70896,"James K.M. Cheng Architects Inc. / Adamson Associates Architects",Architect,4,2,,,,,Review,"slash-joined JV row; linkWeight=4; project artifact, retire not merge"
"ubc sauder school of business",RETIRE_JV,70886,"UBC / Sauder School of Business",Buyer,4,1,,,,,Review,"slash-joined JV row; linkWeight=4; project artifact, retire not merge"
"vancouver school board city of",RETIRE_JV,70883,"Vancouver School Board / City of Vancouver",Buyer,4,1,,,,,Review,"slash-joined JV row; linkWeight=4; project artifact, retire not merge"
"jawl properties concert properties jv",RETIRE_JV,70807,"Jawl Properties / Concert Properties JV",Buyer,4,2,,,,,Review,"slash-joined JV row; linkWeight=4; project artifact, retire not merge"
"greater victoria coalition to end homelessness aryze",RETIRE_JV,70768,"Greater Victoria Coalition to End Homelessness / Aryze Developments",Buyer,4,1,,,,,Review,"slash-joined JV row; linkWeight=4; project artifact, retire not merge"
"district of new hazelton regional district of bulkley nechako",RETIRE_JV,69025,"District of New Hazelton / Regional District of Bulkley-Nechako",Buyer,4,1,,,,,Review,"slash-joined JV row; linkWeight=4; project artifact, retire not merge"
"luxuira developments cook st",RETIRE_JV,70688,"Luxuira Developments / Cook St Properties Ltd",Buyer,4,1,,,,,Review,"slash-joined JV row; linkWeight=4; project artifact, retire not merge"
"plavetic mjp homes",RETIRE_JV,70589,"Plavetic / MJP Homes Ltd",Buyer,4,1,,,,,Review,"slash-joined JV row; linkWeight=4; project artifact, retire not merge"
"bc ministry of transportation bc ferries",RETIRE_JV,69038,"BC Ministry of Transportation / BC Ferries",Buyer,4,1,,,,,Review,"slash-joined JV row; linkWeight=4; project artifact, retire not merge"
"weytk communities inc kerkhoff",RETIRE_JV,70687,"Weytk Communities Inc / Kerkhoff",Buyer,4,2,,,,,Review,"slash-joined JV row; linkWeight=4; project artifact, retire not merge"
"tl housing solutions townline housing",RETIRE_JV,70676,"TL Housing Solutions / Townline Housing",Buyer,4,1,,,,,Review,"slash-joined JV row; linkWeight=4; project artifact, retire not merge"
"great gulf dream unlimited",RETIRE_JV,69259,"Great Gulf / Dream Unlimited",Buyer,4,1,,,,,Review,"slash-joined JV row; linkWeight=4; project artifact, retire not merge"
"townline tl housing solutions",RETIRE_JV,70674,"Townline / TL Housing Solutions",Buyer,4,1,,,,,Review,"slash-joined JV row; linkWeight=4; project artifact, retire not merge"
"partnerships bc ministry of technology innovation and citizens services",RETIRE_JV,69267,"Partnerships BC / Ministry of Technology, Innovation and Citizens' Services",Buyer,4,1,,,,,Review,"slash-joined JV row; linkWeight=4; project artifact, retire not merge"
"songhees nation aryze",RETIRE_JV,69355,"Songhees Nation / Aryze Developments",Buyer,4,1,,,,,Review,"slash-joined JV row; linkWeight=4; project artifact, retire not merge"
"okib group of companies okanagan indian band",RETIRE_JV,69365,"OKIB Group of Companies / Okanagan Indian Band",Buyer,4,1,,,,,Review,"slash-joined JV row; linkWeight=4; project artifact, retire not merge"
"eidos architecture faction",RETIRE_JV,70672,"EIDOS Architecture / Faction Architecture Inc.",Architect,4,2,,,,,Review,"slash-joined JV row; linkWeight=4; project artifact, retire not merge"
"penticton indian band pibdc",RETIRE_JV,69366,"Penticton Indian Band / PIBDC",Buyer,4,1,,,,,Review,"slash-joined JV row; linkWeight=4; project artifact, retire not merge"
"royal bc museum province of british columbia",RETIRE_JV,69230,"Royal BC Museum / Province of British Columbia",Buyer,4,1,,,,,Review,"slash-joined JV row; linkWeight=4; project artifact, retire not merge"
"smartcentres reit smartstop self storage",RETIRE_JV,70615,"SmartCentres REIT / SmartStop Self-Storage",Buyer,4,1,,,,,Review,"slash-joined JV row; linkWeight=4; project artifact, retire not merge"
"songhees development corporation bc housing",RETIRE_JV,55034,"Songhees Development Corporation + BC Housing",Developer,4,2,,,,,Review,"slash-joined JV row; linkWeight=4; project artifact, retire not merge"
"prince rupert port authority cn",RETIRE_JV,54798,"Prince Rupert Port Authority/ CN",Developer,4,1,,,,,Review,"slash-joined JV row; linkWeight=4; project artifact, retire not merge"
"imperial oil city of",RETIRE_JV,53393,"Imperial Oil / City of Calgary",Buyer,4,0,,,,,Review,"slash-joined JV row; linkWeight=4; project artifact, retire not merge"
"alberta seniors smoky lake foundation",RETIRE_JV,53380,"Alberta Seniors / Smoky Lake Foundation",Buyer,4,1,,,,,Review,"slash-joined JV row; linkWeight=4; project artifact, retire not merge"
"polygon homes parklane homes",RETIRE_JV,54139,"Polygon Homes/Parklane Homes",Developer,4,1,,,,,Review,"slash-joined JV row; linkWeight=4; project artifact, retire not merge"
"nai kun wind development inc abb new ventures",RETIRE_JV,54153,"Nai Kun Wind Development Inc./ABB New Ventures",Developer,4,1,,,,,Review,"slash-joined JV row; linkWeight=4; project artifact, retire not merge"
"alberta infrastructure alberta sustainable resource",RETIRE_JV,53349,"Alberta Infrastructure / Alberta Sustainable Resource Development",Developer,4,1,,,,,Review,"slash-joined JV row; linkWeight=4; project artifact, retire not merge"
"alberta environment alberta sustainable resource",RETIRE_JV,53342,"Alberta Environment / Alberta Sustainable Resource Development",Developer,4,1,,,,,Review,"slash-joined JV row; linkWeight=4; project artifact, retire not merge"
"immigrant services society of british columbia terra housing",RETIRE_JV,54220,"Immigrant Services Society of British Columbia (ISS of BC)/Terra Housing",Buyer,4,1,,,,,Review,"slash-joined JV row; linkWeight=4; project artifact, retire not merge"
"fram building group slokker canada corp tricon capital",RETIRE_JV,53318,"FRAM Building Group / Slokker Canada Corp. / Tricon Capital Group",Developer,4,1,,,,,Review,"slash-joined JV row; linkWeight=4; project artifact, retire not merge"
"calgary stampede calgary opera",RETIRE_JV,53643,"Calgary Stampede / Calgary Opera",Developer,4,0,,,,,Review,"slash-joined JV row; linkWeight=4; project artifact, retire not merge"
"volar engineering",RETIRE_JV,45568,"Volar Engineering/ CO",Competitor,4,0,,,,,Review,"slash-joined JV row; linkWeight=4; project artifact, retire not merge"
"architectural technologies contractor",RETIRE_JV,36871,"Architectural technologies / Contractor",Architect,4,0,,,,,Review,"slash-joined JV row; linkWeight=4; project artifact, retire not merge"
"beecher bay first nation metchosin langford",RETIRE_JV,54368,"Beecher Bay First Nation/Metchosin/Langford",Buyer,4,1,,,,,Review,"slash-joined JV row; linkWeight=4; project artifact, retire not merge"
"diamond schmitt architects cei",RETIRE_JV,54389,"Diamond Schmitt Architects / CEI Architecture",Architect,4,1,,,,,Review,"slash-joined JV row; linkWeight=4; project artifact, retire not merge"
"holborn group bc housing city of",RETIRE_JV,54409,"Holborn Group/BC Housing/ City of Vancouver",Buyer,4,1,,,,,Review,"slash-joined JV row; linkWeight=4; project artifact, retire not merge"
"times square holdings ltd 785 denman street",RETIRE_JV,27399,"Times Square Holdings Ltd/785 Denman Street Ltd",Developer,4,1,,,,,Review,"slash-joined JV row; linkWeight=4; project artifact, retire not merge"
"metropia knightsbridge homes riocan",RETIRE_JV,53411,"Metropia / Knightsbridge Homes / RioCan",Developer,4,1,,,,,Review,"slash-joined JV row; linkWeight=4; project artifact, retire not merge"
"gbl architects pfs",RETIRE_JV,54425,"GBL Architects/ PFS Studio",Architect,4,1,,,,,Review,"slash-joined JV row; linkWeight=4; project artifact, retire not merge"
"town of barrhead county of barrhead",RETIRE_JV,53421,"Town of Barrhead / County of Barrhead",Buyer,4,1,,,,,Review,"slash-joined JV row; linkWeight=4; project artifact, retire not merge"
"whistling wind whistler blackcomb",RETIRE_JV,54081,"Whistling Wind/Whistler-Blackcomb",Developer,4,1,,,,,Review,"slash-joined JV row; linkWeight=4; project artifact, retire not merge"
"primco holdings stack modular",RETIRE_JV,53649,"Primco Holdings / Stack Modular",Developer,4,1,,,,,Review,"slash-joined JV row; linkWeight=4; project artifact, retire not merge"
"altagas ltd painted pony petroleum",RETIRE_JV,53677,"AltaGas Ltd./ Painted Pony Petroleum Ltd.",Developer,4,1,,,,,Review,"slash-joined JV row; linkWeight=4; project artifact, retire not merge"
"steelhead lng corp huu ay aht first nations",RETIRE_JV,53707,"Steelhead LNG Corp./ Huu-ay-aht First Nations",Buyer,4,1,,,,,Review,"slash-joined JV row; linkWeight=4; project artifact, retire not merge"
"saanich senior living inc baybridge senior living",RETIRE_JV,53728,"Saanich Senior Living Inc./ Baybridge Senior Living",Developer,4,1,,,,,Review,"slash-joined JV row; linkWeight=4; project artifact, retire not merge"
"gmc projects ltd league financial",RETIRE_JV,53765,"GMC Projects Ltd./League Financial Partners",Developer,4,1,,,,,Review,"slash-joined JV row; linkWeight=4; project artifact, retire not merge"
"parkland foundation the bethany",RETIRE_JV,53538,"Parkland Foundation / The Bethany Group",Buyer,4,1,,,,,Review,"slash-joined JV row; linkWeight=4; project artifact, retire not merge"
"decidedly jazz danceworks kahanoff centre for charitable activities",RETIRE_JV,53533,"Decidedly Jazz Danceworks / Kahanoff Centre for Charitable Activities",Developer,4,1,,,,,Review,"slash-joined JV row; linkWeight=4; project artifact, retire not merge"
"kiwanis seniors housing society polygon homes",RETIRE_JV,53825,"Kiwanis Seniors Housing Society/ Polygon Homes",Buyer,4,1,,,,,Review,"slash-joined JV row; linkWeight=4; project artifact, retire not merge"
"adera macdonald",RETIRE_JV,54806,"Adera/ Macdonald Developments",Developer,4,1,,,,,Review,"slash-joined JV row; linkWeight=4; project artifact, retire not merge"
"cnrl nrc pond biofuels",RETIRE_JV,53475,"CNRL / NRC / Pond Biofuels",Developer,4,0,,,,,Review,"slash-joined JV row; linkWeight=4; project artifact, retire not merge"
"terasen gas kelowna city",RETIRE_JV,53890,"Terasen Gas/Kelowna City",Buyer,4,0,,,,,Review,"slash-joined JV row; linkWeight=4; project artifact, retire not merge"
"tennis alberta tennis",RETIRE_JV,53456,"Tennis Alberta / Tennis Canada",Developer,4,1,,,,,Review,"slash-joined JV row; linkWeight=4; project artifact, retire not merge"
"smartcentres calloway reit",RETIRE_JV,54024,"SmartCentres/Calloway REIT",Developer,4,1,,,,,Review,"slash-joined JV row; linkWeight=4; project artifact, retire not merge"
"bellstar development inc co operators",RETIRE_JV,54069,"Bellstar Development Inc./Co-operators Development Corp. Ltd.",Developer,4,1,,,,,Review,"slash-joined JV row; linkWeight=4; project artifact, retire not merge"
"locations west investments brandenburg",RETIRE_JV,54076,"Locations West Investments/Brandenburg Properties",Developer,4,1,,,,,Review,"slash-joined JV row; linkWeight=4; project artifact, retire not merge"
"bfw developments ltd city of",RETIRE_JV,54105,"BFW Developments Ltd./City of Surrey",Developer,4,1,,,,,Review,"slash-joined JV row; linkWeight=4; project artifact, retire not merge"
"hunt tse triple eight",RETIRE_JV,21584,"Hunt Tse / Triple Eight Construction Co Ltd",GC,4,0,,,,,Review,"slash-joined JV row; linkWeight=4; project artifact, retire not merge"
"musson cattell mackey partnership arthur erickson",RETIRE_JV,54316,"Musson Cattell Mackey Partnership/Arthur Erickson",Architect,4,1,,,,,Review,"slash-joined JV row; linkWeight=4; project artifact, retire not merge"
"atco energy solutions petrogas energy",RETIRE_JV,53588,"ATCO Energy Solutions / Petrogas Energy Corp.",Developer,4,1,,,,,Review,"slash-joined JV row; linkWeight=4; project artifact, retire not merge"
"reward construction ltd global sport resources",RETIRE_JV,14399,"Reward Construction Ltd/Global Sport Resources Ltd",GC,4,1,,,,,Review,"slash-joined JV row; linkWeight=4; project artifact, retire not merge"
"prince rupert port authority metlakatla",RETIRE_JV,54706,"Prince Rupert Port Authority/ Metlakatla Development Corp.",Developer,4,1,,,,,Review,"slash-joined JV row; linkWeight=4; project artifact, retire not merge"
"renewable hydrogen canada fortis bc green investment",RETIRE_JV,54772,"Renewable Hydrogen Canada/ Fortis BC/ Green Investment Group",Developer,4,1,,,,,Review,"slash-joined JV row; linkWeight=4; project artifact, retire not merge"
"g j construction group joburg aggregates",RETIRE_JV,7854,"G&J Construction Group/Joburg Aggregates",GC,4,1,,,,,Review,"slash-joined JV row; linkWeight=4; project artifact, retire not merge"
"coromandel properties peterson",RETIRE_JV,54787,"Coromandel Properties/ Peterson Group",Developer,4,1,,,,,Review,"slash-joined JV row; linkWeight=4; project artifact, retire not merge"
"allaire homes the circadian",RETIRE_JV,54788,"Allaire Homes/ The Circadian Group",Developer,4,1,,,,,Review,"slash-joined JV row; linkWeight=4; project artifact, retire not merge"
"shapeproperties morguard investments",RETIRE_JV,54635,"ShapeProperties/ Morguard Investments",Developer,4,1,,,,,Review,"slash-joined JV row; linkWeight=4; project artifact, retire not merge"
"nwp coal canada ltd bathurst resources",RETIRE_JV,54668,"NWP Coal Canada Ltd./ Bathurst Resources",Developer,4,1,,,,,Review,"slash-joined JV row; linkWeight=4; project artifact, retire not merge"
"prince rupert port authority dp world",RETIRE_JV,54568,"Prince Rupert Port Authority/ DP World",Developer,4,1,,,,,Review,"slash-joined JV row; linkWeight=4; project artifact, retire not merge"
"h2 architecture ltd burgess bredo",RETIRE_JV,8637,"H2 Architecture Ltd./ Burgess Bredo Architect Ltd.",Architect,4,1,,,,,Review,"slash-joined JV row; linkWeight=4; project artifact, retire not merge"
"crombie reit ledcor",RETIRE_JV,54513,"Crombie REIT/Ledcor",Developer,4,1,,,,,Review,"slash-joined JV row; linkWeight=4; project artifact, retire not merge"
"intracorp developments strand",RETIRE_JV,54455,"Intracorp Developments/ Strand Development",Developer,4,0,,,,,Review,"slash-joined JV row; linkWeight=4; project artifact, retire not merge"
"mcf housing for seniors silvera",RETIRE_JV,800,"MCF Housing for Seniors/Silvera",Buyer,4,1,,,,,Review,"slash-joined JV row; linkWeight=4; project artifact, retire not merge"
"bremner trio hydro corp connor clark lunn infrastructure",RETIRE_JV,54567,"Bremner Trio Hydro Corp./ Connor, Clark & Lunn Infrastructure",Developer,4,1,,,,,Review,"slash-joined JV row; linkWeight=4; project artifact, retire not merge"
"bosa properties kingswood capital",RETIRE_JV,54610,"Bosa Properties/ Kingswood Capital Corp.",Developer,4,1,,,,,Review,"slash-joined JV row; linkWeight=4; project artifact, retire not merge"
"s2 architecture gh3",RETIRE_JV,74102,"S2 Architecture / gh3*",Architect,3,0,,,,,Review,"slash-joined JV row; linkWeight=3; project artifact, retire not merge"
"stantec architecture two row",RETIRE_JV,74103,"Stantec Architecture / Two Row Architecture",Architect,3,1,,,,,Review,"slash-joined JV row; linkWeight=3; project artifact, retire not merge"
"morguard investments ltd verus",RETIRE_JV,53446,"Morguard Investments Ltd. / Verus Partners Canada",Developer,3,0,,,,,Review,"slash-joined JV row; linkWeight=3; project artifact, retire not merge"
"government of alberta alberta cancer foundation",RETIRE_JV,53445,"Government of Alberta / Alberta Cancer Foundation",Buyer,3,0,,,,,Review,"slash-joined JV row; linkWeight=3; project artifact, retire not merge"
"century casinos united horsemen of",RETIRE_JV,53431,"Century Casinos / United Horsemen of Alberta",Developer,3,0,,,,,Review,"slash-joined JV row; linkWeight=3; project artifact, retire not merge"
"christenson communities laebon homes",RETIRE_JV,53490,"Christenson Communities / Laebon Homes",Developer,3,0,,,,,Review,"slash-joined JV row; linkWeight=3; project artifact, retire not merge"
"farmer construction campbell",RETIRE_JV,70803,"Farmer Construction / Campbell Construction",GC,3,2,,,,,Review,"slash-joined JV row; linkWeight=3; project artifact, retire not merge"
"alberta wind energy corp mainstream renewable power",RETIRE_JV,53495,"Alberta Wind Energy Corp. / Mainstream Renewable Power",Developer,3,1,,,,,Review,"slash-joined JV row; linkWeight=3; project artifact, retire not merge"
"telus westbank allied",RETIRE_JV,53499,"Telus / Westbank / Allied Properties",Developer,3,0,,,,,Review,"slash-joined JV row; linkWeight=3; project artifact, retire not merge"
"torgan group mpi property",RETIRE_JV,53511,"The Torgan Group / MPI Property Group",Developer,3,0,,,,,Review,"slash-joined JV row; linkWeight=3; project artifact, retire not merge"
"batistella developments dobbin",RETIRE_JV,53519,"Batistella Developments / Dobbin Group",Developer,3,0,,,,,Review,"slash-joined JV row; linkWeight=3; project artifact, retire not merge"
"enn canada corp ferus natural gas fuels",RETIRE_JV,53525,"ENN Canada Corp. / Ferus Natural Gas Fuels",Developer,3,0,,,,,Review,"slash-joined JV row; linkWeight=3; project artifact, retire not merge"
"earthwise construction ltd bid amounts w o gst",RETIRE_JV,6570,"Earthwise Construction Ltd. Bid amounts w/o GST.",GC,3,0,,,,,Review,"slash-joined JV row; linkWeight=3; project artifact, retire not merge"
"grosvenor cressey",RETIRE_JV,53561,"Grosvenor / Cressey Development Group",Developer,3,0,,,,,Review,"slash-joined JV row; linkWeight=3; project artifact, retire not merge"
"braniff construction ltd faction",RETIRE_JV,70673,"Braniff Construction Ltd / Faction Construction",GC,3,2,,,,,Review,"slash-joined JV row; linkWeight=3; project artifact, retire not merge"
"city of calgary calgary municipal land",RETIRE_JV,74169,"City of Calgary / Calgary Municipal Land Corporation",Buyer,3,0,,,,,Review,"slash-joined JV row; linkWeight=3; project artifact, retire not merge"
"city of edmonton edmonton public library",RETIRE_JV,74177,"City of Edmonton / Edmonton Public Library",Buyer,3,0,,,,,Review,"slash-joined JV row; linkWeight=3; project artifact, retire not merge"
"diverse properties ltd seraphim investments",RETIRE_JV,74194,"Diverse Properties Ltd / Seraphim Investments Ltd",Developer,3,1,,,,,Review,"slash-joined JV row; linkWeight=3; project artifact, retire not merge"
"intergulf development group cidex signature homes",RETIRE_JV,53492,"Intergulf Development Group / Cidex Signature Homes",Developer,3,1,,,,,Review,"slash-joined JV row; linkWeight=3; project artifact, retire not merge"
"jenex construction wilde brothers",RETIRE_JV,9945,"Jenex Construction / Wilde Brothers Engineering Ltd",GC,3,0,,,,,Review,"slash-joined JV row; linkWeight=3; project artifact, retire not merge"
"fraser health authority province of",RETIRE_JV,72461,"Fraser Health Authority / Province of BC",Buyer,3,0,,,,,Review,"slash-joined JV row; linkWeight=3; project artifact, retire not merge"
"jones lang lasalle real estate services inc jones lang lasalle services immobiliers",RETIRE_JV,10064,"JONES LANG LASALLE REAL ESTATE SERVICES, INC./ JONES LANG LASALLE SERVICES IMMOBILIERS, INC.",Developer,3,1,,,,,Review,"slash-joined JV row; linkWeight=3; project artifact, retire not merge"
"vicary resources inc iron arm civil construction of blairmore ab",RETIRE_JV,17842,"Vicary Resources Inc./Iron Arm Civil Construction Of Blairmore, AB",GC,3,0,,,,,Review,"slash-joined JV row; linkWeight=3; project artifact, retire not merge"
"kpmb architects stantec",RETIRE_JV,71502,"KPMB Architects / Stantec Architecture",Architect,3,1,,,,,Review,"slash-joined JV row; linkWeight=3; project artifact, retire not merge"
"government of alberta ahs",RETIRE_JV,72077,"Government of Alberta / AHS",Buyer,3,0,,,,,Review,"slash-joined JV row; linkWeight=3; project artifact, retire not merge"
"kpmb architects hindle architects tawaw architecture collective",RETIRE_JV,72085,"KPMB Architects / Hindle Architects / Tawaw Architecture Collective",Architect,3,1,,,,,Review,"slash-joined JV row; linkWeight=3; project artifact, retire not merge"
"ymca calgary city of",RETIRE_JV,72091,"YMCA Calgary / City of Calgary",Buyer,3,0,,,,,Review,"slash-joined JV row; linkWeight=3; project artifact, retire not merge"
"puroclean restoration north shore",RETIRE_JV,36837,"PuroClean Restoration North Shore/Burnaby",GC,3,1,,,,,Review,"slash-joined JV row; linkWeight=3; project artifact, retire not merge"
"vancouver coastal health province of",RETIRE_JV,72153,"Vancouver Coastal Health / Province of BC",Buyer,3,0,,,,,Review,"slash-joined JV row; linkWeight=3; project artifact, retire not merge"
"hdr architecture associates stantec",RETIRE_JV,72176,"HDR Architecture Associates / Stantec Architecture (joint venture)",Architect,3,0,,,,,Review,"slash-joined JV row; linkWeight=3; project artifact, retire not merge"
"m s supertech",RETIRE_JV,46307,"M/s Supertech Engineers",Competitor,3,0,,,,,Review,"slash-joined JV row; linkWeight=3; project artifact, retire not merge"
"liteside contracting bhullar holdings",RETIRE_JV,48252,"LiteSide Contracting/Bhullar Holdings Inc",GC,3,0,,,,,Review,"slash-joined JV row; linkWeight=3; project artifact, retire not merge"
"construction pmb 9280 5738 quebec",RETIRE_JV,48902,"Construction PMB / 9280-5738 Quebec inc.",GC,3,0,,,,,Review,"slash-joined JV row; linkWeight=3; project artifact, retire not merge"
"first capital realty sun life assurance",RETIRE_JV,53428,"First Capital Realty / Sun Life Assurance",Developer,3,1,,,,,Review,"slash-joined JV row; linkWeight=3; project artifact, retire not merge"
"gk m construction 9316 6759",RETIRE_JV,49315,"GK&M CONSTRUCTION/9316-6759 INC.",GC,3,0,,,,,Review,"slash-joined JV row; linkWeight=3; project artifact, retire not merge"
"conocophillips canada total",RETIRE_JV,53290,"ConocoPhillips Canada / Total Canada",Developer,3,0,,,,,Review,"slash-joined JV row; linkWeight=3; project artifact, retire not merge"
"calgary urban equities assured",RETIRE_JV,53301,"Calgary Urban Equities / Assured Developments",Developer,3,0,,,,,Review,"slash-joined JV row; linkWeight=3; project artifact, retire not merge"
"rocky cross construction north dki",RETIRE_JV,14628,"Rocky Cross Construction North/DKI",GC,3,0,,,,,Review,"slash-joined JV row; linkWeight=3; project artifact, retire not merge"
"zgf architects parkin",RETIRE_JV,72186,"ZGF Architects / Parkin Architects (joint venture)",Architect,3,0,,,,,Review,"slash-joined JV row; linkWeight=3; project artifact, retire not merge"
"embassy bosa first capital",RETIRE_JV,53369,"Embassy BOSA / First Capital Realty",Developer,3,1,,,,,Review,"slash-joined JV row; linkWeight=3; project artifact, retire not merge"
"interior health authority kootenay east regional hospital district",RETIRE_JV,72410,"Interior Health Authority / Kootenay East Regional Hospital District",Buyer,3,0,,,,,Review,"slash-joined JV row; linkWeight=3; project artifact, retire not merge"
"parent taylor",RETIRE_JV,13109,"Parent/Taylor Contracting",GC,3,0,,,,,Review,"slash-joined JV row; linkWeight=3; project artifact, retire not merge"
"meanwhile developments ltd hawkers modular",RETIRE_JV,11610,"Meanwhile Developments Ltd. / Hawkers Modular Ltd.",Developer,3,1,,,,,Review,"slash-joined JV row; linkWeight=3; project artifact, retire not merge"
"alberta infrastructure ahs",RETIRE_JV,72438,"Alberta Infrastructure / AHS",Buyer,3,0,,,,,Review,"slash-joined JV row; linkWeight=3; project artifact, retire not merge"
"silvatech developments inc price hl",RETIRE_JV,15414,"Silvatech Developments Inc Price /hl",Developer,3,0,,,,,Review,"slash-joined JV row; linkWeight=3; project artifact, retire not merge"
"m d l landscaping",RETIRE_JV,11181,"M.D.L. Landscaping/Construction",GC,3,0,,,,,Review,"slash-joined JV row; linkWeight=3; project artifact, retire not merge"
"japan canada oil sands limited nexen",RETIRE_JV,53252,"Japan Canada Oil Sands Limited (JACOS) / Nexen Inc.",Developer,3,0,,,,,Review,"slash-joined JV row; linkWeight=3; project artifact, retire not merge"
"tnt towing oop holdings",RETIRE_JV,17067,"TNT Towing / OOP Holdings LTD",Developer,3,0,,,,,Review,"slash-joined JV row; linkWeight=3; project artifact, retire not merge"
"calgary exhibition and stampede enmax",RETIRE_JV,53484,"Calgary Exhibition and Stampede / ENMAX Corp.",Developer,3,0,,,,,Review,"slash-joined JV row; linkWeight=3; project artifact, retire not merge"
"strathcone county salvi",RETIRE_JV,53637,"Strathcone County / Salvi Group",Developer,3,0,,,,,Review,"slash-joined JV row; linkWeight=3; project artifact, retire not merge"
"dunbar ryerson united church wall financial",RETIRE_JV,54601,"Dunbar Ryerson United Church / Wall Financial Group",Developer,3,1,,,,,Review,"slash-joined JV row; linkWeight=3; project artifact, retire not merge"
"bridge power holdings invenergy",RETIRE_JV,54595,"Bridge Power Holdings/Invenergy LLC",Developer,3,0,,,,,Review,"slash-joined JV row; linkWeight=3; project artifact, retire not merge"
"macdonald development corp reliance",RETIRE_JV,54569,"Macdonald Development Corp/ Reliance Properties",Developer,3,1,,,,,Review,"slash-joined JV row; linkWeight=3; project artifact, retire not merge"
"keyera corp kinder morgan",RETIRE_JV,53623,"Keyera Corp. / Kinder Morgan Inc.",Developer,3,1,,,,,Review,"slash-joined JV row; linkWeight=3; project artifact, retire not merge"
"enbridge borealis geopower kitselas first nation",RETIRE_JV,54529,"Enbridge/ Borealis Geopower/ Kitselas First Nation",Buyer,3,0,,,,,Review,"slash-joined JV row; linkWeight=3; project artifact, retire not merge"
"bosa properties inc arpeg holdings",RETIRE_JV,54438,"Bosa Properties Inc./ Arpeg Holdings",Developer,3,1,,,,,Review,"slash-joined JV row; linkWeight=3; project artifact, retire not merge"
"island health golden life management",RETIRE_JV,54617,"Island Health/ Golden Life Management Corp.",Developer,3,1,,,,,Review,"slash-joined JV row; linkWeight=3; project artifact, retire not merge"
"weststone group cibt education",RETIRE_JV,54431,"WestStone Group/ CIBT Education Group",Developer,3,0,,,,,Review,"slash-joined JV row; linkWeight=3; project artifact, retire not merge"
"grc cohos",RETIRE_JV,63831,"GRC/Cohos (Architects in Joint Venture)",Architect,3,0,,,,,Review,"slash-joined JV row; linkWeight=3; project artifact, retire not merge"
"epix developments ltd accorde",RETIRE_JV,54430,"EPIX Developments Ltd./ Accorde Properties",Developer,3,1,,,,,Review,"slash-joined JV row; linkWeight=3; project artifact, retire not merge"
"omicron montrose property holdings",RETIRE_JV,54428,"Omicron/ Montrose Property Holdings Ltd.",Developer,3,1,,,,,Review,"slash-joined JV row; linkWeight=3; project artifact, retire not merge"
"pae zgf edlen ownership",RETIRE_JV,68718,"PAE / ZGF / Edlen ownership group (confirm)",Developer,3,0,,,,,Review,"slash-joined JV row; linkWeight=3; project artifact, retire not merge"
"tenfold projects fortress real",RETIRE_JV,54422,"Tenfold Projects/ Fortress Real Developments",Developer,3,1,,,,,Review,"slash-joined JV row; linkWeight=3; project artifact, retire not merge"
"canfor corporation licella",RETIRE_JV,54362,"Canfor Corporation/Licella",Developer,3,0,,,,,Review,"slash-joined JV row; linkWeight=3; project artifact, retire not merge"
"668975 nb ltd a tnt construction maintenance",RETIRE_JV,63108,"668975 NB Ltd./a TNT Construction & Maintenance",GC,3,0,,,,,Review,"slash-joined JV row; linkWeight=3; project artifact, retire not merge"
"westbank projects squamish nation",RETIRE_JV,54641,"Westbank Projects/ Squamish Nation",Buyer,3,1,,,,,Review,"slash-joined JV row; linkWeight=3; project artifact, retire not merge"
"langford gateway developments cynterra",RETIRE_JV,74213,"Langford Gateway Developments / Cynterra Group",Developer,3,1,,,,,Review,"slash-joined JV row; linkWeight=3; project artifact, retire not merge"
"catalyst community developments society vancouver affordable housing agency",RETIRE_JV,54663,"Catalyst Community Developments Society/ Vancouver Affordable Housing Agency (VAHA)",Buyer,3,0,,,,,Review,"slash-joined JV row; linkWeight=3; project artifact, retire not merge"
"island health authority capital regional hospital district",RETIRE_JV,54819,"Island Health Authority/ Capital Regional Hospital District",Buyer,3,0,,,,,Review,"slash-joined JV row; linkWeight=3; project artifact, retire not merge"
"vopak development canada inc altagas",RETIRE_JV,54831,"Vopak Development Canada Inc./ AltaGas",Developer,3,1,,,,,Review,"slash-joined JV row; linkWeight=3; project artifact, retire not merge"
"townline canderel residential",RETIRE_JV,54791,"Townline/ Canderel Residential",Developer,3,0,,,,,Review,"slash-joined JV row; linkWeight=3; project artifact, retire not merge"
"patkau architects acton ostry",RETIRE_JV,54843,"Patkau Architects/ Acton Ostry Architects",Architect,3,1,,,,,Review,"slash-joined JV row; linkWeight=3; project artifact, retire not merge"
"grosvenor transca modern green",RETIRE_JV,54875,"Grosvenor/ Transca/ Modern Green Canada",Developer,3,0,,,,,Review,"slash-joined JV row; linkWeight=3; project artifact, retire not merge"
"kingsett capital anthem",RETIRE_JV,54913,"Kingsett Capital/ Anthem Properties",Developer,3,1,,,,,Review,"slash-joined JV row; linkWeight=3; project artifact, retire not merge"
"westbank quadreal property",RETIRE_JV,54763,"Westbank/ Quadreal Property Group",Developer,3,1,,,,,Review,"slash-joined JV row; linkWeight=3; project artifact, retire not merge"
"infinity properties morningstar",RETIRE_JV,54918,"Infinity Properties/ Morningstar",Developer,3,1,,,,,Review,"slash-joined JV row; linkWeight=3; project artifact, retire not merge"
"cadillac fairview corporation shape",RETIRE_JV,54747,"Cadillac Fairview Corporation/ Shape Properties",Developer,3,0,,,,,Review,"slash-joined JV row; linkWeight=3; project artifact, retire not merge"
"rafii architects zgf",RETIRE_JV,54739,"Rafii Architects / ZGF Architects",Architect,3,1,,,,,Review,"slash-joined JV row; linkWeight=3; project artifact, retire not merge"
"corwest builders troika management",RETIRE_JV,54699,"Corwest Builders/ Troika Management Corp.",GC,3,1,,,,,Review,"slash-joined JV row; linkWeight=3; project artifact, retire not merge"
"nmda architects ibi",RETIRE_JV,54685,"NMDA Architects/ IBI Group",Architect,3,0,,,,,Review,"slash-joined JV row; linkWeight=3; project artifact, retire not merge"
"telus omicron",RETIRE_JV,54680,"Telus/ Omicron Development Inc.",Developer,3,1,,,,,Review,"slash-joined JV row; linkWeight=3; project artifact, retire not merge"
"nanaimo port authority dp world",RETIRE_JV,54670,"Nanaimo Port Authority/ DP World",Developer,3,0,,,,,Review,"slash-joined JV row; linkWeight=3; project artifact, retire not merge"
"sun rivers development corporation tk eml ps te secw pemc",RETIRE_JV,55031,"Sun Rivers Development Corporation + Tk̓emlúps te Secwépemc",Developer,3,1,,,,,Review,"slash-joined JV row; linkWeight=3; project artifact, retire not merge"
"bayview properties bosa",RETIRE_JV,54325,"Bayview Properties/ Bosa Properties",Developer,3,0,,,,,Review,"slash-joined JV row; linkWeight=3; project artifact, retire not merge"
"pelman associates chp",RETIRE_JV,54321,"Pelman & Associates/CHP Architects",Architect,3,0,,,,,Review,"slash-joined JV row; linkWeight=3; project artifact, retire not merge"
"hankey investment company jamison",RETIRE_JV,74231,"Hankey Investment Company / Jamison Properties",Developer,3,0,,,,,Review,"slash-joined JV row; linkWeight=3; project artifact, retire not merge"
"ibi group architects le groupe arcop acdf",RETIRE_JV,54289,"IBI Group Architects/Le Groupe Arcop/ACDF Architecture",Architect,3,0,,,,,Review,"slash-joined JV row; linkWeight=3; project artifact, retire not merge"
"pristine power inc cheslatta forest products",RETIRE_JV,53994,"Pristine Power Inc./Cheslatta Forest Products",Developer,3,0,,,,,Review,"slash-joined JV row; linkWeight=3; project artifact, retire not merge"
"canadian kailuan dehua mines co ltd shandong energy feicheng mining",RETIRE_JV,54040,"Canadian Kailuan Dehua Mines Co., Ltd./ Shandong Energy Feicheng Mining Group Co. Ltd",Developer,3,1,,,,,Review,"slash-joined JV row; linkWeight=3; project artifact, retire not merge"
"fortune minerals ltd posco",RETIRE_JV,54129,"Fortune Minerals Ltd./ POSCO Canada Ltd.",Developer,3,1,,,,,Review,"slash-joined JV row; linkWeight=3; project artifact, retire not merge"
"tercon construction ltd consortium",RETIRE_JV,54131,"Tercon Construction Ltd/Consortium",GC,3,0,,,,,Review,"slash-joined JV row; linkWeight=3; project artifact, retire not merge"
"ibi henriquez",RETIRE_JV,54314,"IBI/ Henriquez Partners Architects",Architect,3,1,,,,,Review,"slash-joined JV row; linkWeight=3; project artifact, retire not merge"
"box canyon hydro corporation sound energy",RETIRE_JV,53935,"Box Canyon Hydro Corporation/Sound Energy Inc.",Developer,3,1,,,,,Review,"slash-joined JV row; linkWeight=3; project artifact, retire not merge"
"novagold resources inc teck resources",RETIRE_JV,54132,"NovaGold Resources Inc./Teck Resources",Developer,3,1,,,,,Review,"slash-joined JV row; linkWeight=3; project artifact, retire not merge"
"reliance properties ltd jim pattison",RETIRE_JV,53894,"Reliance Properties Ltd./Jim Pattison Developments Ltd.",Developer,3,1,,,,,Review,"slash-joined JV row; linkWeight=3; project artifact, retire not merge"
"rjc engineers mka",RETIRE_JV,69855,"RJC Engineers / MKA (Magnusson Klemencic Associates)",Competitor,3,1,,,,,Review,"slash-joined JV row; linkWeight=3; project artifact, retire not merge"
"copper fox metals teck resources",RETIRE_JV,54133,"Copper Fox Metals/ Teck Resources",Developer,3,1,,,,,Review,"slash-joined JV row; linkWeight=3; project artifact, retire not merge"
"squamish nation kingswood capital corp progressive",RETIRE_JV,54155,"Squamish Nation/Kingswood Capital Corp./Progressive Properties",Developer,3,0,,,,,Review,"slash-joined JV row; linkWeight=3; project artifact, retire not merge"
"james km cheng architects inc francl architecture pfs",RETIRE_JV,54192,"James KM Cheng Architects Inc./ Francl Architecture/ PFS Studio",Architect,3,1,,,,,Review,"slash-joined JV row; linkWeight=3; project artifact, retire not merge"
"van maren group of companies styline homes djimmie",RETIRE_JV,69884,"Van Maren Group of Companies / Styline Homes / DJimmie Construction",GC,3,2,,,,,Review,"slash-joined JV row; linkWeight=3; project artifact, retire not merge"
"nsda architects richard henry",RETIRE_JV,54217,"NSDA Architects / Richard Henry Architect",Architect,3,1,,,,,Review,"slash-joined JV row; linkWeight=3; project artifact, retire not merge"
"fairborne homes wall financial",RETIRE_JV,53849,"Fairborne Homes/ Wall Financial Corp.",Developer,3,1,,,,,Review,"slash-joined JV row; linkWeight=3; project artifact, retire not merge"
"anthem properties beedie",RETIRE_JV,53870,"Anthem Properties/Beedie Group",Developer,3,0,,,,,Review,"slash-joined JV row; linkWeight=3; project artifact, retire not merge"
"canadian metropolitan properties aquilini investment",RETIRE_JV,53847,"Canadian Metropolitan Properties/ Aquilini Investment Group",Developer,3,0,,,,,Review,"slash-joined JV row; linkWeight=3; project artifact, retire not merge"
"timberwest forest corp edp renewables",RETIRE_JV,53751,"TimberWest Forest Corp./EDP Renewables",Developer,3,1,,,,,Review,"slash-joined JV row; linkWeight=3; project artifact, retire not merge"
"trust for sustainable development beecher bay first nation",RETIRE_JV,53755,"Trust for Sustainable Development /Beecher Bay (Sci'anew) First Nation",Buyer,3,0,,,,,Review,"slash-joined JV row; linkWeight=3; project artifact, retire not merge"
"capital region hospital district vancouver island health authority",RETIRE_JV,54279,"The Capital Region Hospital District (CRHD)/ Vancouver Island Health Authority",Buyer,3,0,,,,,Review,"slash-joined JV row; linkWeight=3; project artifact, retire not merge"
"dialog keakos and cotter",RETIRE_JV,54258,"DiALOG/ Keakos and Cotter",Architect,3,1,,,,,Review,"slash-joined JV row; linkWeight=3; project artifact, retire not merge"
"nexen inpex corp jgc",RETIRE_JV,54256,"Nexen/ Inpex Corp./ JGC Corp.",Developer,3,0,,,,,Review,"slash-joined JV row; linkWeight=3; project artifact, retire not merge"
"paul merrick architecture studio one",RETIRE_JV,54250,"Paul Merrick Architecture/Studio One Architecture Inc.",Architect,3,0,,,,,Review,"slash-joined JV row; linkWeight=3; project artifact, retire not merge"
"eagle spirit energy holdings ltd aquilini",RETIRE_JV,54231,"Eagle Spirit Energy Holdings Ltd./Aquilini Group",Developer,3,1,,,,,Review,"slash-joined JV row; linkWeight=3; project artifact, retire not merge"
"buro happold glotman simpson",RETIRE_JV,69947,"Buro Happold (design SE) / Glotman Simpson (engineer of record)",Competitor,3,1,,,,,Review,"slash-joined JV row; linkWeight=3; project artifact, retire not merge"
"black ball ferry line clipper navigation",RETIRE_JV,54225,"Black Ball Ferry Line/ Clipper Navigation Ltd.",Developer,3,1,,,,,Review,"slash-joined JV row; linkWeight=3; project artifact, retire not merge"
"maher terminals prince rupert port authority cn rail",RETIRE_JV,53768,"Maher Terminals/Prince Rupert Port Authority/ CN Rail",Developer,3,0,,,,,Review,"slash-joined JV row; linkWeight=3; project artifact, retire not merge"
"mosaic homes ltd onni developments conwest group of companies",RETIRE_JV,53779,"Mosaic Homes Ltd/Onni Developments/Conwest Group of Companies",Developer,3,0,,,,,Review,"slash-joined JV row; linkWeight=3; project artifact, retire not merge"
"british columbia investment management corp city",RETIRE_JV,53803,"British Columbia Investment Management Corp./ City Development Corp.",Developer,3,0,,,,,Review,"slash-joined JV row; linkWeight=3; project artifact, retire not merge"
"townline group surrey city",RETIRE_JV,53838,"Townline Group/ Surrey City Development Corp.",Developer,3,0,,,,,Review,"slash-joined JV row; linkWeight=3; project artifact, retire not merge"
"thomas leung structural engineering inc opal",RETIRE_JV,69958,"Thomas Leung Structural Engineering Inc. / Opal Engineering Inc.",Competitor,3,2,,,,,Review,"slash-joined JV row; linkWeight=3; project artifact, retire not merge"
"petronas progress japex",RETIRE_JV,53769,"Petronas/Progress/JAPEX.",Developer,3,0,,,,,Review,"slash-joined JV row; linkWeight=3; project artifact, retire not merge"
"tsilhqot in power corp western biomass",RETIRE_JV,53986,"Tsilhqot'in Power Corp./Western Biomass Corp.",Developer,3,0,,,,,Review,"slash-joined JV row; linkWeight=3; project artifact, retire not merge"
"alberta infrastructure parkland school division",RETIRE_JV,72333,"Alberta Infrastructure / Parkland School Division",Buyer,2,0,,,,,Review,"slash-joined JV row; linkWeight=2; project artifact, retire not merge"
"bc housing hoy creek housing cooperative",RETIRE_JV,72264,"BC Housing / Hoy Creek Housing Cooperative",Buyer,2,0,,,,,Review,"slash-joined JV row; linkWeight=2; project artifact, retire not merge"
"holborn properties bc housing city of",RETIRE_JV,72258,"Holborn Properties / BC Housing / City of Vancouver",Developer,2,1,,,,,Review,"slash-joined JV row; linkWeight=2; project artifact, retire not merge"
"new commons development city of vancouver bc housing",RETIRE_JV,72257,"New Commons Development / City of Vancouver / BC Housing",Buyer,2,0,,,,,Review,"slash-joined JV row; linkWeight=2; project artifact, retire not merge"
"diamond schmitt architects connect",RETIRE_JV,72394,"Diamond Schmitt Architects / Connect Landscape Architecture",Architect,2,0,,,,,Review,"slash-joined JV row; linkWeight=2; project artifact, retire not merge"
"interior health authority bc cancer",RETIRE_JV,72396,"Interior Health Authority / BC Cancer (PHSA)",Buyer,2,0,,,,,Review,"slash-joined JV row; linkWeight=2; project artifact, retire not merge"
"interior health authority central okanagan regional hospital district",RETIRE_JV,72406,"Interior Health Authority / Central Okanagan Regional Hospital District",Buyer,2,0,,,,,Review,"slash-joined JV row; linkWeight=2; project artifact, retire not merge"
"island health bc cancer phsa",RETIRE_JV,72403,"Island Health (VIHA) / BC Cancer / PHSA",Buyer,2,0,,,,,Review,"slash-joined JV row; linkWeight=2; project artifact, retire not merge"
"capitalcare group inc alberta infrastructure",RETIRE_JV,72442,"CapitalCare Group Inc. / Alberta Infrastructure",Buyer,2,0,,,,,Review,"slash-joined JV row; linkWeight=2; project artifact, retire not merge"
"interior health authority bc cancer thompson regional hospital district",RETIRE_JV,72420,"Interior Health Authority / BC Cancer / Thompson Regional Hospital District",Buyer,2,0,,,,,Review,"slash-joined JV row; linkWeight=2; project artifact, retire not merge"
"interior health authority west kootenay boundary regional hospital district kbrh health foundation",RETIRE_JV,72425,"Interior Health Authority / West Kootenay Boundary Regional Hospital District / KBRH Health Foundation",Buyer,2,0,,,,,Review,"slash-joined JV row; linkWeight=2; project artifact, retire not merge"
"interior health authority north okanagan regional hospital district",RETIRE_JV,72428,"Interior Health Authority / North Okanagan Regional Hospital District",Buyer,2,0,,,,,Review,"slash-joined JV row; linkWeight=2; project artifact, retire not merge"
"bc ministry of health interior health kaigo senior living",RETIRE_JV,72429,"BC Ministry of Health / Interior Health / Kaigo Senior Living",Buyer,2,0,,,,,Review,"slash-joined JV row; linkWeight=2; project artifact, retire not merge"
"bc housing province of",RETIRE_JV,72256,"BC Housing / Province of BC",Buyer,2,0,,,,,Review,"slash-joined JV row; linkWeight=2; project artifact, retire not merge"
"recovery alberta alberta infrastructure",RETIRE_JV,72446,"Recovery Alberta / Alberta Infrastructure",Buyer,2,0,,,,,Review,"slash-joined JV row; linkWeight=2; project artifact, retire not merge"
"interior health authority thompson regional hospital district",RETIRE_JV,72450,"Interior Health Authority / Thompson Regional Hospital District",Buyer,2,0,,,,,Review,"slash-joined JV row; linkWeight=2; project artifact, retire not merge"
"interior health authority cariboo chilcotin regional hospital district",RETIRE_JV,72454,"Interior Health Authority / Cariboo Chilcotin Regional Hospital District",Buyer,2,0,,,,,Review,"slash-joined JV row; linkWeight=2; project artifact, retire not merge"
"parkin architects ltd hdr arcadis ibi",RETIRE_JV,72413,"Parkin Architects Ltd. / HDR / Arcadis-IBI Group",Architect,2,0,,,,,Review,"slash-joined JV row; linkWeight=2; project artifact, retire not merge"
"bc housing province of bc city of",RETIRE_JV,72255,"BC Housing / Province of BC / City of Surrey",Buyer,2,0,,,,,Review,"slash-joined JV row; linkWeight=2; project artifact, retire not merge"
"mst partnership canada lands",RETIRE_JV,72218,"MST Partnership (Musqueam, Squamish, Tsleil-Waututh) / Canada Lands Company",Developer,2,0,,,,,Review,"slash-joined JV row; linkWeight=2; project artifact, retire not merge"
"saputo inc beedie",RETIRE_JV,72250,"Saputo Inc. / Beedie Development",Developer,2,0,,,,,Review,"slash-joined JV row; linkWeight=2; project artifact, retire not merge"
"multiple developers city of",RETIRE_JV,72089,"Multiple Developers / City of Calgary",Developer,2,0,,,,,Review,"slash-joined JV row; linkWeight=2; project artifact, retire not merge"
"assisted living alberta multiple operators",RETIRE_JV,72086,"Assisted Living Alberta / Multiple Operators",Buyer,2,0,,,,,Review,"slash-joined JV row; linkWeight=2; project artifact, retire not merge"
"calgary arts development calgary municipal land",RETIRE_JV,72084,"Calgary Arts Development / Calgary Municipal Land Corporation",Buyer,2,0,,,,,Review,"slash-joined JV row; linkWeight=2; project artifact, retire not merge"
"deveraux group of companies lansdowne equity ventures",RETIRE_JV,72083,"Deveraux Group of Companies / Lansdowne Equity Ventures",Developer,2,0,,,,,Review,"slash-joined JV row; linkWeight=2; project artifact, retire not merge"
"government of alberta ahs alberta children s hospital foundation",RETIRE_JV,72075,"Government of Alberta / AHS / Alberta Children's Hospital Foundation",Buyer,2,0,,,,,Review,"slash-joined JV row; linkWeight=2; project artifact, retire not merge"
"homespace society inn from the cold miskanawah",RETIRE_JV,72065,"HomeSpace Society / Inn from the Cold / Miskanawah",Buyer,2,0,,,,,Review,"slash-joined JV row; linkWeight=2; project artifact, retire not merge"
"calgary municipal land corporation city of",RETIRE_JV,72064,"Calgary Municipal Land Corporation (CMLC) / City of Calgary",Buyer,2,0,,,,,Review,"slash-joined JV row; linkWeight=2; project artifact, retire not merge"
"ayrshire group copenhagen",RETIRE_JV,72059,"Ayrshire Group / Copenhagen Group",Developer,2,0,,,,,Review,"slash-joined JV row; linkWeight=2; project artifact, retire not merge"
"trico communities calgary municipal land",RETIRE_JV,72058,"Trico Communities / Calgary Municipal Land Corporation (CMLC)",Developer,2,0,,,,,Review,"slash-joined JV row; linkWeight=2; project artifact, retire not merge"
"ayrshire group calgary municipal land",RETIRE_JV,72056,"Ayrshire Group / Calgary Municipal Land Corporation (CMLC)",Developer,2,0,,,,,Review,"slash-joined JV row; linkWeight=2; project artifact, retire not merge"
"chinook s edge school division red deer catholic regional schools",RETIRE_JV,72055,"Chinook's Edge School Division / Red Deer Catholic Regional Schools",Buyer,2,0,,,,,Review,"slash-joined JV row; linkWeight=2; project artifact, retire not merge"
"government of alberta ahs alberta children s hospital foundation",RETIRE_JV,72051,"Government of Alberta (Alberta Infrastructure) / AHS / Alberta Children's Hospital Foundation",Buyer,2,0,,,,,Review,"slash-joined JV row; linkWeight=2; project artifact, retire not merge"
"ymca calgary calgary public library city of",RETIRE_JV,72040,"YMCA Calgary / Calgary Public Library / City of Calgary",Buyer,2,0,,,,,Review,"slash-joined JV row; linkWeight=2; project artifact, retire not merge"
"ledcor balfour beatty",RETIRE_JV,71494,"Ledcor / Balfour Beatty (Affinity Partnerships)",GC,2,0,,,,,Review,"slash-joined JV row; linkWeight=2; project artifact, retire not merge"
"fast epp wsp",RETIRE_JV,71262,"Fast + Epp / WSP Canada",Competitor,2,0,,,,,Review,"slash-joined JV row; linkWeight=2; project artifact, retire not merge"
"calgary public library city of",RETIRE_JV,72093,"Calgary Public Library / City of Calgary",Buyer,2,0,,,,,Review,"slash-joined JV row; linkWeight=2; project artifact, retire not merge"
"catalyst community developments city of north vancouver bc housing",RETIRE_JV,72253,"Catalyst Community Developments / City of North Vancouver / BC Housing",Buyer,2,0,,,,,Review,"slash-joined JV row; linkWeight=2; project artifact, retire not merge"
"bow valley college cmlc",RETIRE_JV,72095,"Bow Valley College / CMLC",Buyer,2,0,,,,,Review,"slash-joined JV row; linkWeight=2; project artifact, retire not merge"
"city of vancouver vancouver board of parks and recreation vancouver public library vsb",RETIRE_JV,72150,"City of Vancouver / Vancouver Board of Parks and Recreation / Vancouver Public Library / VSB",Buyer,2,0,,,,,Review,"slash-joined JV row; linkWeight=2; project artifact, retire not merge"
"bosa properties chunghwa",RETIRE_JV,72246,"Bosa Properties / Chunghwa",Developer,2,0,,,,,Review,"slash-joined JV row; linkWeight=2; project artifact, retire not merge"
"musqueam first nation townline homes ymca of greater",RETIRE_JV,72243,"Musqueam First Nation / Townline Homes / YMCA of Greater Vancouver",Developer,2,0,,,,,Review,"slash-joined JV row; linkWeight=2; project artifact, retire not merge"
"vgh ubc hospital foundation vancouver coastal health",RETIRE_JV,72238,"VGH & UBC Hospital Foundation / Vancouver Coastal Health",Buyer,2,0,,,,,Review,"slash-joined JV row; linkWeight=2; project artifact, retire not merge"
"province of bc infrastructure bc",RETIRE_JV,72223,"Province of BC / Infrastructure BC",Buyer,2,0,,,,,Review,"slash-joined JV row; linkWeight=2; project artifact, retire not merge"
"mst partnership aquilini",RETIRE_JV,72220,"MST Partnership / Aquilini Development (MSTA Partnership)",Developer,2,0,,,,,Review,"slash-joined JV row; linkWeight=2; project artifact, retire not merge"
"squamish nation optrust",RETIRE_JV,72213,"Squamish Nation / OPTrust",Developer,2,0,,,,,Review,"slash-joined JV row; linkWeight=2; project artifact, retire not merge"
"provincial health services authority bc cancer",RETIRE_JV,72212,"Provincial Health Services Authority / BC Cancer",Buyer,2,1,,,,,Review,"slash-joined JV row; linkWeight=2; project artifact, retire not merge"
"city of surrey province of bc simon fraser university",RETIRE_JV,72144,"City of Surrey / Province of BC / Simon Fraser University",Buyer,2,0,,,,,Review,"slash-joined JV row; linkWeight=2; project artifact, retire not merge"
"hariri pontarini architects adamson architects scdc",RETIRE_JV,72203,"Hariri Pontarini Architects / Adamson Architects / SCDC (joint venture)",Architect,2,0,,,,,Review,"slash-joined JV row; linkWeight=2; project artifact, retire not merge"
"ryder architecture 3xn gxn",RETIRE_JV,72200,"Ryder Architecture / 3XN GXN (joint venture)",Architect,2,0,,,,,Review,"slash-joined JV row; linkWeight=2; project artifact, retire not merge"
"musson cattell mackey partnership pfs",RETIRE_JV,72194,"Musson Cattell Mackey Partnership / PFS Studio (landscape)",Architect,2,0,,,,,Review,"slash-joined JV row; linkWeight=2; project artifact, retire not merge"
"norr architects engineers parkin",RETIRE_JV,72162,"NORR Architects & Engineers / Parkin Architects",Architect,2,0,,,,,Review,"slash-joined JV row; linkWeight=2; project artifact, retire not merge"
"city of richmond lulu island energy",RETIRE_JV,72156,"City of Richmond / Lulu Island Energy Company",Buyer,2,1,,,,,Review,"slash-joined JV row; linkWeight=2; project artifact, retire not merge"
"city of vancouver bc housing raycam co operative association",RETIRE_JV,72155,"City of Vancouver / BC Housing / RayCam Co-operative Association",Buyer,2,0,,,,,Review,"slash-joined JV row; linkWeight=2; project artifact, retire not merge"
"patkau architects acton ostry",RETIRE_JV,72201,"Patkau Architects / Acton Ostry Architects (joint venture)",Architect,2,0,,,,,Review,"slash-joined JV row; linkWeight=2; project artifact, retire not merge"
"various developers calgary airport authority",RETIRE_JV,72096,"Various Developers / Calgary Airport Authority",Developer,2,0,,,,,Review,"slash-joined JV row; linkWeight=2; project artifact, retire not merge"
"wsp aspect structural",RETIRE_JV,72206,"WSP / Aspect Structural Engineers",Competitor,1,1,,,,,Review,"slash-joined JV row; linkWeight=1; project artifact, retire not merge"
"southwest contracting ltd gemco",RETIRE_JV,72167,"Southwest Contracting Ltd. / Gemco Construction Ltd.",GC,1,1,,,,,Review,"slash-joined JV row; linkWeight=1; project artifact, retire not merge"
"not separately identified hh angus for mechanical electrical",RETIRE_JV,72452,"Not separately identified (NORR integrated team); HH Angus for mechanical/electrical",Competitor,1,0,,,,,Review,"slash-joined JV row; linkWeight=1; project artifact, retire not merge"
